INSERT IGNORE INTO newNova.position (company_id, name, post_date, url,location) VALUES ((SELECT id FROM newNova.company WHERE name = 'Universidad Nacional Arturo Jauretche'), 'Desarrollador Node,js/AWS Semi Senior', '2025-03-27', 'https://ar.linkedin.com/jobs/view/desarrollador-node-js-aws-semi-senior-at-universidad-nacional-arturo-jauretche-4195304290?position=1&pageNum=0&refId=VeD0gY63xpYNHY2y%2FxyWfg%3D%3D&trackingId=cm6gmJJKXwVDPEr6KKjJFQ%3D%3D', 'Comuna 4, Buenos Aires Province, Argentina');
INSERT IGNORE INTO newNova.position (company_id, name, post_date, url,location) VALUES ((SELECT id FROM newNova.company WHERE name = 'Remitee'), 'Fullstack Developer ( Node Js /React)', '2025-03-27', 'https://ar.linkedin.com/jobs/view/fullstack-developer-node-js-react-at-remitee-4195190617?position=2&pageNum=0&refId=VeD0gY63xpYNHY2y%2FxyWfg%3D%3D&trackingId=PWBBq03DPZKcdK1uCqFAnw%3D%3D', 'Buenos Aires, Buenos Aires Province, Argentina');
INSERT IGNORE INTO newNova.position (company_id, name, post_date, url,location) VALUES ((SELECT id FROM newNova.company WHERE name = 'Universidad Nacional Arturo Jauretche'), 'ARG_JR Software Engineer', '2025-03-28', 'https://ar.linkedin.com/jobs/view/arg-jr-software-engineer-at-universidad-nacional-arturo-jauretche-4195551492?position=3&pageNum=0&refId=VeD0gY63xpYNHY2y%2FxyWfg%3D%3D&trackingId=eCV74v0%2BZkXdiv%2BwEoHvlg%3D%3D', 'Departamento Garay, Santa Fe, Argentina');
INSERT IGNORE INTO newNova.position (company_id, name, post_date, url,location) VALUES ((SELECT id FROM newNova.company WHERE name = 'Universidad Nacional Arturo Jauretche'), 'Desarrollador Node JS+ AWS', '2025-03-27', 'https://ar.linkedin.com/jobs/view/desarrollador-node-js%2B-aws-at-universidad-nacional-arturo-jauretche-4195303450?position=4&pageNum=0&refId=VeD0gY63xpYNHY2y%2FxyWfg%3D%3D&trackingId=8Hm0eN%2BswhXuayk%2FiT%2B%2F9g%3D%3D', 'Greater Buenos Aires');
INSERT IGNORE INTO newNova.position (company_id, name, post_date, url,location) VALUES ((SELECT id FROM newNova.company WHERE name = 'Baufest'), 'Desarrollador Nodejs', '2025-03-28', 'https://ar.linkedin.com/jobs/view/desarrollador-nodejs-at-baufest-4193019433?position=5&pageNum=0&refId=VeD0gY63xpYNHY2y%2FxyWfg%3D%3D&trackingId=jzpwLDKvrleUf9IKFq8bOQ%3D%3D', 'Argentina');
INSERT IGNORE INTO newNova.position (company_id, name, post_date, url,location) VALUES ((SELECT id FROM newNova.company WHERE name = 'Keep'), 'Full-Stack Engineer', '2025-03-27', 'https://ar.linkedin.com/jobs/view/full-stack-engineer-at-keep-4195362084?position=6&pageNum=0&refId=VeD0gY63xpYNHY2y%2FxyWfg%3D%3D&trackingId=FG2OUDbtmKg12vyesXwoew%3D%3D', 'Argentina');
INSERT IGNORE INTO newNova.position (company_id, name, post_date, url,location) VALUES ((SELECT id FROM newNova.company WHERE name = 'C&S Informática'), 'Desarrollador Node.js/AWS Semi Senior', '2025-03-28', 'https://ar.linkedin.com/jobs/view/desarrollador-node-js-aws-semi-senior-at-c-s-inform%C3%A1tica-4192775993?position=7&pageNum=0&refId=VeD0gY63xpYNHY2y%2FxyWfg%3D%3D&trackingId=gI5BXqrDwvmh2HHL%2Bu901A%3D%3D', 'Greater Buenos Aires');
INSERT IGNORE INTO newNova.position (company_id, name, post_date, url,location) VALUES ((SELECT id FROM newNova.company WHERE name = 'Empleos IT'), 'Desarrollador Node.js y AWS Semi Senior', '2025-03-27', 'https://ar.linkedin.com/jobs/view/desarrollador-node-js-y-aws-semi-senior-at-empleos-it-4195314129?position=8&pageNum=0&refId=VeD0gY63xpYNHY2y%2FxyWfg%3D%3D&trackingId=wX%2F4L36sLnPrUMtUrdbFjw%3D%3D', 'Autonomous City of Buenos Aires, Buenos Aires Province, Argentina');
INSERT IGNORE INTO newNova.position (company_id, name, post_date, url,location) VALUES ((SELECT id FROM newNova.company WHERE name = 'Empleos IT'), 'Desarrollador Node.js + AWS -Semi Senior', '2025-03-27', 'https://ar.linkedin.com/jobs/view/desarrollador-node-js-%2B-aws-semi-senior-at-empleos-it-4195306878?position=9&pageNum=0&refId=VeD0gY63xpYNHY2y%2FxyWfg%3D%3D&trackingId=lGCKZG7p3HpD%2FoWsi9CO0w%3D%3D', 'Autonomous City of Buenos Aires, Buenos Aires Province, Argentina');
INSERT IGNORE INTO newNova.position (company_id, name, post_date, url,location) VALUES ((SELECT id FROM newNova.company WHERE name = 'Talan'), 'Junior Developer - Trade Finance Academy', '2025-03-28', 'https://ar.linkedin.com/jobs/view/junior-developer-trade-finance-academy-at-talan-4177446889?position=10&pageNum=0&refId=VeD0gY63xpYNHY2y%2FxyWfg%3D%3D&trackingId=Hsv7mkBwE3kaOE2NmbJr6g%3D%3D', 'Buenos Aires, Buenos Aires Province, Argentina');
INSERT IGNORE INTO newNova.position (company_id, name, post_date, url,location) VALUES ((SELECT id FROM newNova.company WHERE name = 'Kapsch Group'), 'Developer Fullstack', '2025-03-28', 'https://ar.linkedin.com/jobs/view/developer-fullstack-at-kapsch-group-4193064703?position=1&pageNum=1&refId=f5Dd5tdE3mqN1fSt3l1qYQ%3D%3D&trackingId=871rGHw%2FFaIm6VT7LFY2bQ%3D%3D', 'Greater Buenos Aires');
INSERT IGNORE INTO newNova.position (company_id, name, post_date, url,location) VALUES ((SELECT id FROM newNova.company WHERE name = 'Quadion Technologies'), 'Full Stack Developer', '2025-03-27', 'https://ar.linkedin.com/jobs/view/full-stack-developer-at-quadion-technologies-4177729330?position=2&pageNum=1&refId=f5Dd5tdE3mqN1fSt3l1qYQ%3D%3D&trackingId=f%2FZgJ09T7qDqt6SUayB2zQ%3D%3D', 'Argentina');
INSERT IGNORE INTO newNova.position (company_id, name, post_date, url,location) VALUES ((SELECT id FROM newNova.company WHERE name = 'Confidencial'), 'Desarrollador Node JS SR - REMOTO - Industria Oil & Gas', '2025-03-28', 'https://ar.linkedin.com/jobs/view/desarrollador-node-js-sr-remoto-industria-oil-gas-at-confidencial-4193449165?position=3&pageNum=1&refId=f5Dd5tdE3mqN1fSt3l1qYQ%3D%3D&trackingId=C38FWRZBrdgb69OzJ7JsOA%3D%3D', 'Argentina');
INSERT IGNORE INTO newNova.position (company_id, name, post_date, url,location) VALUES ((SELECT id FROM newNova.company WHERE name = 'Corbin & Brooks'), 'Full Stack Developer', '2025-03-28', 'https://ar.linkedin.com/jobs/view/full-stack-developer-at-corbin-brooks-4195885646?position=4&pageNum=1&refId=f5Dd5tdE3mqN1fSt3l1qYQ%3D%3D&trackingId=%2B1rB9zx7pcJWb7gd1LPEJA%3D%3D', 'Argentina');
INSERT IGNORE INTO newNova.position (company_id, name, post_date, url,location) VALUES ((SELECT id FROM newNova.company WHERE name = 'Workana'), 'Software Engineer - Co-Founder Level (On-Site)', '2025-03-27', 'https://ar.linkedin.com/jobs/view/software-engineer-co-founder-level-on-site-at-workana-4195330855?position=5&pageNum=1&refId=f5Dd5tdE3mqN1fSt3l1qYQ%3D%3D&trackingId=5uv7Vv1ciaP2sF%2BX9OKEcw%3D%3D', 'Greater Buenos Aires');
INSERT IGNORE INTO newNova.position (company_id, name, post_date, url,location) VALUES ((SELECT id FROM newNova.company WHERE name = 'Snatch UP'), 'Senior Software Engineer', '2025-03-28', 'https://ar.linkedin.com/jobs/view/senior-software-engineer-at-snatch-up-4192113596?position=6&pageNum=1&refId=f5Dd5tdE3mqN1fSt3l1qYQ%3D%3D&trackingId=0qGwLiDJcA1z1vzBQS2mxA%3D%3D', 'Argentina');
INSERT IGNORE INTO newNova.position (company_id, name, post_date, url,location) VALUES ((SELECT id FROM newNova.company WHERE name = 'NeuralSoft'), 'Desarrolladores de Software - ROSARIO', '2025-03-28', 'https://ar.linkedin.com/jobs/view/desarrolladores-de-software-rosario-at-neuralsoft-4182625424?position=7&pageNum=1&refId=f5Dd5tdE3mqN1fSt3l1qYQ%3D%3D&trackingId=b2zLV9N%2BYyAgcsN0ucD4iw%3D%3D', 'Rosario, Santa Fe, Argentina');
INSERT IGNORE INTO newNova.position (company_id, name, post_date, url,location) VALUES ((SELECT id FROM newNova.company WHERE name = 'Mappa'), 'Senior Full-Stack developer', '2025-03-28', 'https://ar.linkedin.com/jobs/view/senior-full-stack-developer-at-mappa-4191854716?position=8&pageNum=1&refId=f5Dd5tdE3mqN1fSt3l1qYQ%3D%3D&trackingId=75BNU63hm81D5De3PTqhVA%3D%3D', 'Argentina');
INSERT IGNORE INTO newNova.position (company_id, name, post_date, url,location) VALUES ((SELECT id FROM newNova.company WHERE name = 'International Digital Partners'), 'Full Stack Engineer', '2025-03-28', 'https://ar.linkedin.com/jobs/view/full-stack-engineer-at-international-digital-partners-4192123901?position=9&pageNum=1&refId=f5Dd5tdE3mqN1fSt3l1qYQ%3D%3D&trackingId=qfaEQ6i3jE6kPdmcXFX%2BJg%3D%3D', 'Argentina');
INSERT IGNORE INTO newNova.position (company_id, name, post_date, url,location) VALUES ((SELECT id FROM newNova.company WHERE name = 'Deel'), 'Platform Engineer - Backend Developer Experience', '2025-03-28', 'https://ar.linkedin.com/jobs/view/platform-engineer-backend-developer-experience-at-deel-4186799773?position=10&pageNum=1&refId=f5Dd5tdE3mqN1fSt3l1qYQ%3D%3D&trackingId=5gBFnqlDCvx6WZm4s6taDQ%3D%3D', 'Greater Buenos Aires');
INSERT IGNORE INTO newNova.position (company_id, name, post_date, url,location) VALUES ((SELECT id FROM newNova.company WHERE name = 'Universidad Nacional Arturo Jauretche'), 'Desarrollador Frontend - Senior', '2025-03-27', 'https://ar.linkedin.com/jobs/view/desarrollador-frontend-senior-at-universidad-nacional-arturo-jauretche-4195300606?position=1&pageNum=2&refId=kipKCiIucl0DMUK7Fj%2BEQA%3D%3D&trackingId=DIJKkTEcAnYGXoVfRh%2BYjA%3D%3D', 'Greater Buenos Aires');
INSERT IGNORE INTO newNova.position (company_id, name, post_date, url,location) VALUES ((SELECT id FROM newNova.company WHERE name = 'Mercado Libre'), 'ingeniero / ingeniera de software senior - IT', '2025-03-27', 'https://ar.linkedin.com/jobs/view/ingeniero-ingeniera-de-software-senior-it-at-mercado-libre-4193004311?position=2&pageNum=2&refId=kipKCiIucl0DMUK7Fj%2BEQA%3D%3D&trackingId=BPaIwzq3jDaOr6Ye3PfK8Q%3D%3D', 'Buenos Aires Province, Argentina');
INSERT IGNORE INTO newNova.position (company_id, name, post_date, url,location) VALUES ((SELECT id FROM newNova.company WHERE name = 'Universidad Nacional Arturo Jauretche'), 'ARG_SSR Software Engineer', '2025-03-28', 'https://ar.linkedin.com/jobs/view/arg-ssr-software-engineer-at-universidad-nacional-arturo-jauretche-4195550582?position=3&pageNum=2&refId=kipKCiIucl0DMUK7Fj%2BEQA%3D%3D&trackingId=IObPD8iBI3Xu2MAsG2bcOQ%3D%3D', 'Departamento Garay, Santa Fe, Argentina');
INSERT IGNORE INTO newNova.position (company_id, name, post_date, url,location) VALUES ((SELECT id FROM newNova.company WHERE name = 'Ergittek'), 'Desarrollador Semi Senior (Fullstack)', '2025-03-27', 'https://ar.linkedin.com/jobs/view/desarrollador-semi-senior-fullstack-at-ergittek-4195185562?position=4&pageNum=2&refId=kipKCiIucl0DMUK7Fj%2BEQA%3D%3D&trackingId=E52Sz%2Fvri4%2FqOESkuhVuag%3D%3D', 'Greater Buenos Aires');
INSERT IGNORE INTO newNova.position (company_id, name, post_date, url,location) VALUES ((SELECT id FROM newNova.company WHERE name = 'Virtustant'), 'Full Stack Developer', '2025-03-28', 'https://ar.linkedin.com/jobs/view/full-stack-developer-at-virtustant-4193905274?position=5&pageNum=2&refId=kipKCiIucl0DMUK7Fj%2BEQA%3D%3D&trackingId=vyRAVJbE0rvRnpYfd2n%2BFw%3D%3D', 'Argentina');
INSERT IGNORE INTO newNova.position (company_id, name, post_date, url,location) VALUES ((SELECT id FROM newNova.company WHERE name = 'Snatch UP'), 'Senior Software Engineer', '2025-03-28', 'https://ar.linkedin.com/jobs/view/senior-software-engineer-at-snatch-up-4192113596?position=6&pageNum=2&refId=kipKCiIucl0DMUK7Fj%2BEQA%3D%3D&trackingId=E%2Bn6WPqz2kWjL84809gEwQ%3D%3D', 'Argentina');
INSERT IGNORE INTO newNova.position (company_id, name, post_date, url,location) VALUES ((SELECT id FROM newNova.company WHERE name = 'Project Growth'), 'Full-Stack Engineer', '2025-03-28', 'https://ar.linkedin.com/jobs/view/full-stack-engineer-at-project-growth-4191851974?position=7&pageNum=2&refId=kipKCiIucl0DMUK7Fj%2BEQA%3D%3D&trackingId=rsKHesHyFc16fukawTC%2FpQ%3D%3D', 'Greater Buenos Aires');
INSERT IGNORE INTO newNova.position (company_id, name, post_date, url,location) VALUES ((SELECT id FROM newNova.company WHERE name = 'FirstChair Services'), 'Senior Software Engineer', '2025-03-27', 'https://ar.linkedin.com/jobs/view/senior-software-engineer-at-firstchair-services-4195317373?position=8&pageNum=2&refId=kipKCiIucl0DMUK7Fj%2BEQA%3D%3D&trackingId=1aIVmtFhr07ZzMdAb1MV%2Fg%3D%3D', 'Argentina');
INSERT IGNORE INTO newNova.position (company_id, name, post_date, url,location) VALUES ((SELECT id FROM newNova.company WHERE name = 'Universidad Nacional Arturo Jauretche'), 'Programador Fiori (Frontend y Backend)', '2025-03-27', 'https://ar.linkedin.com/jobs/view/programador-fiori-frontend-y-backend-at-universidad-nacional-arturo-jauretche-4195303432?position=9&pageNum=2&refId=kipKCiIucl0DMUK7Fj%2BEQA%3D%3D&trackingId=XEneybnLwQdJBifeG0cO6A%3D%3D', 'Greater Buenos Aires');
INSERT IGNORE INTO newNova.position (company_id, name, post_date, url,location) VALUES ((SELECT id FROM newNova.company WHERE name = 'Takeoff Media'), 'Web Analytics Developer', '2025-03-28', 'https://ar.linkedin.com/jobs/view/web-analytics-developer-at-takeoff-media-4195861301?position=10&pageNum=2&refId=kipKCiIucl0DMUK7Fj%2BEQA%3D%3D&trackingId=gtS93V3IVe%2FkNhp4yyJ%2BiA%3D%3D', 'Argentina');
INSERT IGNORE INTO newNova.position (company_id, name, post_date, url,location) VALUES ((SELECT id FROM newNova.company WHERE name = 'Universidad Nacional Arturo Jauretche'), 'Programador Fiori (Frontend y Backend)', '2025-03-27', 'https://ar.linkedin.com/jobs/view/programador-fiori-frontend-y-backend-at-universidad-nacional-arturo-jauretche-4195303432?position=1&pageNum=3&refId=srgbYFJofWEFD2mbChM74w%3D%3D&trackingId=YbYYXkjRXb7RqeuocqXCxw%3D%3D', 'Greater Buenos Aires');
INSERT IGNORE INTO newNova.position (company_id, name, post_date, url,location) VALUES ((SELECT id FROM newNova.company WHERE name = 'UST España & Latam'), 'Senior Software Developer', '2025-03-27', 'https://ar.linkedin.com/jobs/view/senior-software-developer-at-ust-espa%C3%B1a-latam-4191852652?position=2&pageNum=3&refId=srgbYFJofWEFD2mbChM74w%3D%3D&trackingId=JezRIrsEpcq%2BjBXvdd8Vow%3D%3D', 'Argentina');
INSERT IGNORE INTO newNova.position (company_id, name, post_date, url,location) VALUES ((SELECT id FROM newNova.company WHERE name = 'Silver.dev'), 'Sandbar - Software Engineer (Python)', '2025-03-28', 'https://ar.linkedin.com/jobs/view/sandbar-software-engineer-python-at-silver-dev-4181815296?position=3&pageNum=3&refId=srgbYFJofWEFD2mbChM74w%3D%3D&trackingId=VPs%2Fron1tM7b19JIW2d%2BYQ%3D%3D', 'Argentina');
INSERT IGNORE INTO newNova.position (company_id, name, post_date, url,location) VALUES ((SELECT id FROM newNova.company WHERE name = 'R&M - Consultora RRHH'), 'Functional Development Analyst', '2025-03-27', 'https://ar.linkedin.com/jobs/view/functional-development-analyst-at-r-m-consultora-rrhh-4192764042?position=4&pageNum=3&refId=srgbYFJofWEFD2mbChM74w%3D%3D&trackingId=dWdvAuwI4L%2B%2BBwouTJ7vAw%3D%3D', 'Greater Buenos Aires');
INSERT IGNORE INTO newNova.position (company_id, name, post_date, url,location) VALUES ((SELECT id FROM newNova.company WHERE name = 'Ottomatik.io'), 'Senior Backend Engineer', '2025-03-28', 'https://ar.linkedin.com/jobs/view/senior-backend-engineer-at-ottomatik-io-4191889226?position=5&pageNum=3&refId=srgbYFJofWEFD2mbChM74w%3D%3D&trackingId=Uwh6fv2n4hdPSlAZMHuoAA%3D%3D', 'Greater Buenos Aires');
INSERT IGNORE INTO newNova.position (company_id, name, post_date, url,location) VALUES ((SELECT id FROM newNova.company WHERE name = 'Fiserv'), 'Software Development Engineering- Sr Professional I', '2025-03-28', 'https://ar.linkedin.com/jobs/view/software-development-engineering-sr-professional-i-at-fiserv-4192143809?position=6&pageNum=3&refId=srgbYFJofWEFD2mbChM74w%3D%3D&trackingId=%2BhAOek%2FJLzTxCaEww8xmxg%3D%3D', 'Buenos Aires, Buenos Aires Province, Argentina');
INSERT IGNORE INTO newNova.position (company_id, name, post_date, url,location) VALUES ((SELECT id FROM newNova.company WHERE name = 'UST España & Latam'), 'Cloud Architect', '2025-03-28', 'https://ar.linkedin.com/jobs/view/cloud-architect-at-ust-espa%C3%B1a-latam-4191867636?position=7&pageNum=3&refId=srgbYFJofWEFD2mbChM74w%3D%3D&trackingId=NPHQOmmc6HaqO9ji%2BaYjWQ%3D%3D', 'Argentina');
INSERT IGNORE INTO newNova.position (company_id, name, post_date, url,location) VALUES ((SELECT id FROM newNova.company WHERE name = 'DuckDuckGo'), 'Senior Backend Engineer', '2025-03-27', 'https://ar.linkedin.com/jobs/view/senior-backend-engineer-at-duckduckgo-4191844718?position=8&pageNum=3&refId=srgbYFJofWEFD2mbChM74w%3D%3D&trackingId=12r7NqIOtYSMSeGS7Ecrwg%3D%3D', 'Argentina');
INSERT IGNORE INTO newNova.position (company_id, name, post_date, url,location) VALUES ((SELECT id FROM newNova.company WHERE name = 'Globant'), 'ServiceNow Developer - ARG', '2025-03-28', 'https://ar.linkedin.com/jobs/view/servicenow-developer-arg-at-globant-4175713309?position=9&pageNum=3&refId=srgbYFJofWEFD2mbChM74w%3D%3D&trackingId=LY5%2F4bCDrmcWdGK3gE0yzw%3D%3D', 'Cordoba, Córdoba, Argentina');
INSERT IGNORE INTO newNova.position (company_id, name, post_date, url,location) VALUES ((SELECT id FROM newNova.company WHERE name = 'Baufest'), 'Desarrollador Java/React Ssr', '2025-03-28', 'https://ar.linkedin.com/jobs/view/desarrollador-java-react-ssr-at-baufest-4195939149?position=10&pageNum=3&refId=srgbYFJofWEFD2mbChM74w%3D%3D&trackingId=4%2FtlZwI2DAIQzUv7%2FHIFbQ%3D%3D', 'Argentina');
INSERT IGNORE INTO newNova.position (company_id, name, post_date, url,location) VALUES ((SELECT id FROM newNova.company WHERE name = 'Mogi I/O : OTT/Podcast/Short Video Apps for you'), 'Rust Backend Developer (Actix & Web API) – Contract (6 Months)', '2025-03-28', 'https://ar.linkedin.com/jobs/view/rust-backend-developer-actix-web-api-%E2%80%93-contract-6-months-at-mogi-i-o-ott-podcast-short-video-apps-for-you-4195803171?position=1&pageNum=4&refId=fKx0HV0QV8uSyQTIMPLCqQ%3D%3D&trackingId=SLFLF00U1mNtbjtjweXelw%3D%3D', 'Argentina');
INSERT IGNORE INTO newNova.position (company_id, name, post_date, url,location) VALUES ((SELECT id FROM newNova.company WHERE name = 'Canonical'), 'Software Engineer - L3 Support', '2025-03-28', 'https://ar.linkedin.com/jobs/view/software-engineer-l3-support-at-canonical-4195867131?position=2&pageNum=4&refId=fKx0HV0QV8uSyQTIMPLCqQ%3D%3D&trackingId=WKKWviiVHjlRAL7NwxTuGg%3D%3D', 'Greater Buenos Aires');
INSERT IGNORE INTO newNova.position (company_id, name, post_date, url,location) VALUES ((SELECT id FROM newNova.company WHERE name = 'Front'), 'Lead Full Stack Engineer - Activation', '2025-03-28', 'https://ar.linkedin.com/jobs/view/lead-full-stack-engineer-activation-at-front-4151483491?position=3&pageNum=4&refId=fKx0HV0QV8uSyQTIMPLCqQ%3D%3D&trackingId=CbEYaUY%2BEBpGUoQkgaLfXA%3D%3D', 'Argentina');
INSERT IGNORE INTO newNova.position (company_id, name, post_date, url,location) VALUES ((SELECT id FROM newNova.company WHERE name = 'Genius'), 'Senior Full Stack Engineer', '2025-03-28', 'https://ar.linkedin.com/jobs/view/senior-full-stack-engineer-at-genius-4195889294?position=4&pageNum=4&refId=fKx0HV0QV8uSyQTIMPLCqQ%3D%3D&trackingId=3vSBmWJV7Y1IZvyjKjVFPw%3D%3D', 'Argentina');
INSERT IGNORE INTO newNova.position (company_id, name, post_date, url,location) VALUES ((SELECT id FROM newNova.company WHERE name = 'Altromondo S.A'), 'Desarrollador Full Stack Ssr/Sr .NET, React & Angular', '2025-03-28', 'https://ar.linkedin.com/jobs/view/desarrollador-full-stack-ssr-sr-net-react-angular-at-altromondo-s-a-4193470234?position=5&pageNum=4&refId=fKx0HV0QV8uSyQTIMPLCqQ%3D%3D&trackingId=%2FAxtK4o%2BKyfY1NUfnJVkLQ%3D%3D', 'Saavedra, Buenos Aires Province, Argentina');
INSERT IGNORE INTO newNova.position (company_id, name, post_date, url,location) VALUES ((SELECT id FROM newNova.company WHERE name = 'MediaLab'), 'Senior Full Stack Engineer', '2025-03-28', 'https://ar.linkedin.com/jobs/view/senior-full-stack-engineer-at-medialab-4195907238?position=6&pageNum=4&refId=fKx0HV0QV8uSyQTIMPLCqQ%3D%3D&trackingId=pr82C8SZqgrG%2FjnLV4BOhw%3D%3D', 'Argentina');
INSERT IGNORE INTO newNova.position (company_id, name, post_date, url,location) VALUES ((SELECT id FROM newNova.company WHERE name = 'Confidencial'), 'Desarrollador Comercial Regional – Fractura/Facilities - Cuenca Neuquina', '2025-03-28', 'https://ar.linkedin.com/jobs/view/desarrollador-comercial-regional-%E2%80%93-fractura-facilities-cuenca-neuquina-at-confidencial-4193437706?position=7&pageNum=4&refId=fKx0HV0QV8uSyQTIMPLCqQ%3D%3D&trackingId=HBby5GhwNgDp%2BLsu3bKp8A%3D%3D', 'Cipolletti, Río Negro Province, Argentina');
INSERT IGNORE INTO newNova.position (company_id, name, post_date, url,location) VALUES ((SELECT id FROM newNova.company WHERE name = 'Telebit Ingeniería'), 'Programador SCADA', '2025-03-28', 'https://ar.linkedin.com/jobs/view/programador-scada-at-telebit-ingenier%C3%ADa-3826454042?position=8&pageNum=4&refId=fKx0HV0QV8uSyQTIMPLCqQ%3D%3D&trackingId=pAvJfenNPts%2BbuuJoh5eTA%3D%3D', 'Luján de Cuyo, Mendoza, Argentina');
INSERT IGNORE INTO newNova.position (company_id, name, post_date, url,location) VALUES ((SELECT id FROM newNova.company WHERE name = 'Mogi I/O : OTT/Podcast/Short Video Apps for you'), 'Rust Software Engineer (Distributed Systems & Async) – Contract (6 Months)', '2025-03-28', 'https://ar.linkedin.com/jobs/view/rust-software-engineer-distributed-systems-async-%E2%80%93-contract-6-months-at-mogi-i-o-ott-podcast-short-video-apps-for-you-4195802673?position=9&pageNum=4&refId=fKx0HV0QV8uSyQTIMPLCqQ%3D%3D&trackingId=X%2F5zt4OA65km2AzqbR2%2BjQ%3D%3D', 'Argentina');
INSERT IGNORE INTO newNova.position (company_id, name, post_date, url,location) VALUES ((SELECT id FROM newNova.company WHERE name = 'Strategic Staffing Solutions'), 'Angular Developer', '2025-03-27', 'https://ar.linkedin.com/jobs/view/angular-developer-at-strategic-staffing-solutions-4195306532?position=10&pageNum=4&refId=fKx0HV0QV8uSyQTIMPLCqQ%3D%3D&trackingId=3b5c3rGCpPsmly1ycDY2Hw%3D%3D', 'Argentina');
INSERT IGNORE INTO newNova.position (company_id, name, post_date, url,location) VALUES ((SELECT id FROM newNova.company WHERE name = 'Strategic Staffing Solutions'), 'Angular Developer', '2025-03-27', 'https://ar.linkedin.com/jobs/view/angular-developer-at-strategic-staffing-solutions-4195306532?refId=xhE5bklGcR4aQhoQpb9VuQ%3D%3D&trackingId=8nzJ5XvborTu1YhEmt4vkA%3D%3D&position=1&pageNum=2', 'Argentina');
INSERT IGNORE INTO newNova.position (company_id, name, post_date, url,location) VALUES ((SELECT id FROM newNova.company WHERE name = 'Mogi I/O : OTT/Podcast/Short Video Apps for you'), 'Rust Software Engineer (Async, Performance & Safety) – Contract (6 Months)', '2025-03-28', 'https://ar.linkedin.com/jobs/view/rust-software-engineer-async-performance-safety-%E2%80%93-contract-6-months-at-mogi-i-o-ott-podcast-short-video-apps-for-you-4195806223?refId=xhE5bklGcR4aQhoQpb9VuQ%3D%3D&trackingId=NR5IuA%2F3vl3Jio4jhGhvZQ%3D%3D&position=2&pageNum=2', 'Argentina');
INSERT IGNORE INTO newNova.position (company_id, name, post_date, url,location) VALUES ((SELECT id FROM newNova.company WHERE name = 'Xometry'), 'Lead Software Engineer', '2025-03-28', 'https://ar.linkedin.com/jobs/view/lead-software-engineer-at-xometry-4003629646?refId=xhE5bklGcR4aQhoQpb9VuQ%3D%3D&trackingId=%2B8kOEREF3PvpLjM7cHPE2w%3D%3D&position=3&pageNum=2', 'Greater Buenos Aires');
INSERT IGNORE INTO newNova.position (company_id, name, post_date, url,location) VALUES ((SELECT id FROM newNova.company WHERE name = 'Canonical'), 'Software Engineer - L3 Support', '2025-03-28', 'https://ar.linkedin.com/jobs/view/software-engineer-l3-support-at-canonical-4195864616?refId=xhE5bklGcR4aQhoQpb9VuQ%3D%3D&trackingId=tLeYox7J7UBxwYyV%2BJlVUQ%3D%3D&position=4&pageNum=2', 'Cordoba, Córdoba, Argentina');
INSERT IGNORE INTO newNova.position (company_id, name, post_date, url,location) VALUES ((SELECT id FROM newNova.company WHERE name = 'Mission.dev'), 'Senior Full Stack Engineer', '2025-03-28', 'https://ar.linkedin.com/jobs/view/senior-full-stack-engineer-at-mission-dev-4193454881?refId=xhE5bklGcR4aQhoQpb9VuQ%3D%3D&trackingId=8Uq5GplyAojB7gus3VdHyA%3D%3D&position=5&pageNum=2', 'Argentina');
INSERT IGNORE INTO newNova.position (company_id, name, post_date, url,location) VALUES ((SELECT id FROM newNova.company WHERE name = 'Infosis'), 'Java SSR Back-End Developer', '2025-03-28', 'https://ar.linkedin.com/jobs/view/java-ssr-back-end-developer-at-infosis-4191497380?refId=xhE5bklGcR4aQhoQpb9VuQ%3D%3D&trackingId=nYvmZGeoT%2Fq0yZj10f%2BDyg%3D%3D&position=6&pageNum=2', 'Argentina');
INSERT IGNORE INTO newNova.position (company_id, name, post_date, url,location) VALUES ((SELECT id FROM newNova.company WHERE name = 'Techunting'), 'Sr Software Engineer Full Stack (React /.NET core)', '2025-03-28', 'https://ar.linkedin.com/jobs/view/sr-software-engineer-full-stack-react-net-core-at-techunting-4193490376?refId=xhE5bklGcR4aQhoQpb9VuQ%3D%3D&trackingId=PtpraN0U1a%2B5fTC%2FtkOHAg%3D%3D&position=7&pageNum=2', 'Cordoba, Córdoba, Argentina');
INSERT IGNORE INTO newNova.position (company_id, name, post_date, url,location) VALUES ((SELECT id FROM newNova.company WHERE name = 'WoowUp'), 'Senior Principal Software Engineer', '2025-03-28', 'https://ar.linkedin.com/jobs/view/senior-principal-software-engineer-at-woowup-4192729182?refId=xhE5bklGcR4aQhoQpb9VuQ%3D%3D&trackingId=cg8OkojtfYTVf1k%2FeIGULg%3D%3D&position=8&pageNum=2', 'Argentina');
INSERT IGNORE INTO newNova.position (company_id, name, post_date, url,location) VALUES ((SELECT id FROM newNova.company WHERE name = 'Quadion Technologies'), 'Net Angular Developer Engineer', '2025-03-27', 'https://ar.linkedin.com/jobs/view/net-angular-developer-engineer-at-quadion-technologies-4186798067?refId=xhE5bklGcR4aQhoQpb9VuQ%3D%3D&trackingId=ZsqETOO%2BKG9A9xAkysW%2BmQ%3D%3D&position=9&pageNum=2', 'Argentina');
INSERT IGNORE INTO newNova.position (company_id, name, post_date, url,location) VALUES ((SELECT id FROM newNova.company WHERE name = 'Crossover'), 'Full-stack Developer, Trilogy (Remote) - $60,000/year USD', '2025-03-28', 'https://ar.linkedin.com/jobs/view/full-stack-developer-trilogy-remote-%2460-000-year-usd-at-crossover-4190357948?refId=xhE5bklGcR4aQhoQpb9VuQ%3D%3D&trackingId=e%2FEGvBx5aOK2VC8xhK10OQ%3D%3D&position=10&pageNum=2', 'Greater Buenos Aires');
INSERT IGNORE INTO newNova.position (company_id, name, post_date, url,location) VALUES ((SELECT id FROM newNova.company WHERE name = 'Mogi I/O : OTT/Podcast/Short Video Apps for you'), 'Rust Engineer (Concurrency & Profiling) – Contract (6 Months)', '2025-03-28', 'https://ar.linkedin.com/jobs/view/rust-engineer-concurrency-profiling-%E2%80%93-contract-6-months-at-mogi-i-o-ott-podcast-short-video-apps-for-you-4195809149?refId=xhE5bklGcR4aQhoQpb9VuQ%3D%3D&trackingId=P8jY0WQCbz6suj8eEP6Ahw%3D%3D&position=11&pageNum=2', 'Argentina');
INSERT IGNORE INTO newNova.position (company_id, name, post_date, url,location) VALUES ((SELECT id FROM newNova.company WHERE name = 'DEPT®'), 'Senior Fullstack Engineer (React/Node)', '2025-03-28', 'https://ar.linkedin.com/jobs/view/senior-fullstack-engineer-react-node-at-dept%C2%AE-4150517453?refId=xhE5bklGcR4aQhoQpb9VuQ%3D%3D&trackingId=K9hPc34Hi0nkT9FT0kievw%3D%3D&position=12&pageNum=2', 'Buenos Aires, Buenos Aires Province, Argentina');
INSERT IGNORE INTO newNova.position (company_id, name, post_date, url,location) VALUES ((SELECT id FROM newNova.company WHERE name = 'Concentrix'), 'Desarrollador de Software (Golang & Python)', '2025-03-28', 'https://ar.linkedin.com/jobs/view/desarrollador-de-software-golang-python-at-concentrix-4175806864?refId=xhE5bklGcR4aQhoQpb9VuQ%3D%3D&trackingId=dYkzEs8kLCWEo0FP2iRnQg%3D%3D&position=13&pageNum=2', 'Argentina');
INSERT IGNORE INTO newNova.position (company_id, name, post_date, url,location) VALUES ((SELECT id FROM newNova.company WHERE name = 'Job Duck'), 'Software Developer (Mid Senior) - Full Stack', '2025-03-28', 'https://ar.linkedin.com/jobs/view/software-developer-mid-senior-full-stack-at-job-duck-4195898630?refId=xhE5bklGcR4aQhoQpb9VuQ%3D%3D&trackingId=R6dohXiK94%2FPBgtnjZ7Feg%3D%3D&position=14&pageNum=2', 'Argentina');
INSERT IGNORE INTO newNova.position (company_id, name, post_date, url,location) VALUES ((SELECT id FROM newNova.company WHERE name = 'FullStack Labs'), 'Full Stack PHP Developer - Remote - Latin America', '2025-03-27', 'https://ar.linkedin.com/jobs/view/full-stack-php-developer-remote-latin-america-at-fullstack-labs-4195183935?refId=xhE5bklGcR4aQhoQpb9VuQ%3D%3D&trackingId=3liQhHzfR8rC0NK%2B9cHX5w%3D%3D&position=15&pageNum=2', 'Buenos Aires, Buenos Aires Province, Argentina');
INSERT IGNORE INTO newNova.position (company_id, name, post_date, url,location) VALUES ((SELECT id FROM newNova.company WHERE name = 'FullStack Labs'), 'Python/React Developer - Remote - Latin America', '2025-03-27', 'https://ar.linkedin.com/jobs/view/python-react-developer-remote-latin-america-at-fullstack-labs-4195307035?refId=xhE5bklGcR4aQhoQpb9VuQ%3D%3D&trackingId=kLM6fwn3EtAIdRuYLQfkvQ%3D%3D&position=16&pageNum=2', 'Buenos Aires, Buenos Aires Province, Argentina');
INSERT IGNORE INTO newNova.position (company_id, name, post_date, url,location) VALUES ((SELECT id FROM newNova.company WHERE name = 'FullStack Labs'), 'Full Stack PHP Developer - Remote - Latin America', '2025-03-27', 'https://ar.linkedin.com/jobs/view/full-stack-php-developer-remote-latin-america-at-fullstack-labs-4195185788?refId=xhE5bklGcR4aQhoQpb9VuQ%3D%3D&trackingId=MMguoa3fvG%2FmJJ49nG91RQ%3D%3D&position=17&pageNum=2', 'La Plata, Buenos Aires Province, Argentina');
INSERT IGNORE INTO newNova.position (company_id, name, post_date, url,location) VALUES ((SELECT id FROM newNova.company WHERE name = 'FullStack Labs'), 'Python/React Developer - Remote - Latin America', '2025-03-27', 'https://ar.linkedin.com/jobs/view/python-react-developer-remote-latin-america-at-fullstack-labs-4195302983?refId=xhE5bklGcR4aQhoQpb9VuQ%3D%3D&trackingId=0ny5yrl1UyHeuk4bxzBguw%3D%3D&position=18&pageNum=2', 'La Plata, Buenos Aires Province, Argentina');
INSERT IGNORE INTO newNova.position (company_id, name, post_date, url,location) VALUES ((SELECT id FROM newNova.company WHERE name = 'Mission.dev'), 'Fullstack Engineer Blazor (C# .NET)', '2025-03-28', 'https://ar.linkedin.com/jobs/view/fullstack-engineer-blazor-c%23-net-at-mission-dev-4193900895?refId=xhE5bklGcR4aQhoQpb9VuQ%3D%3D&trackingId=H2UhYs9o1ELLjf%2BK4I2voQ%3D%3D&position=19&pageNum=2', 'Argentina');
INSERT IGNORE INTO newNova.position (company_id, name, post_date, url,location) VALUES ((SELECT id FROM newNova.company WHERE name = 'FullStack Labs'), 'Python/React Developer - Remote - Latin America', '2025-03-27', 'https://ar.linkedin.com/jobs/view/python-react-developer-remote-latin-america-at-fullstack-labs-4195304655?refId=xhE5bklGcR4aQhoQpb9VuQ%3D%3D&trackingId=j%2FLpM%2FdNA3vrwAtNy790HQ%3D%3D&position=20&pageNum=2', 'Rosario, Santa Fe, Argentina');
INSERT IGNORE INTO newNova.position (company_id, name, post_date, url,location) VALUES ((SELECT id FROM newNova.company WHERE name = 'Oowlish'), 'Senior Fullstack Engineer – Node.js, Koa, React', '2025-03-27', 'https://ar.linkedin.com/jobs/view/senior-fullstack-engineer-%E2%80%93-node-js-koa-react-at-oowlish-4195355954?refId=xhE5bklGcR4aQhoQpb9VuQ%3D%3D&trackingId=J6E4tfPrg%2FgaVYixb7aLWQ%3D%3D&position=21&pageNum=2', 'Buenos Aires, Buenos Aires Province, Argentina');
INSERT IGNORE INTO newNova.position (company_id, name, post_date, url,location) VALUES ((SELECT id FROM newNova.company WHERE name = 'FullStack Labs'), 'Full Stack PHP Developer - Remote - Latin America', '2025-03-27', 'https://ar.linkedin.com/jobs/view/full-stack-php-developer-remote-latin-america-at-fullstack-labs-4195187418?refId=xhE5bklGcR4aQhoQpb9VuQ%3D%3D&trackingId=b7AquFItYUxCreRKHSG7IQ%3D%3D&position=22&pageNum=2', 'Cordoba, Córdoba, Argentina');
INSERT IGNORE INTO newNova.position (company_id, name, post_date, url,location) VALUES ((SELECT id FROM newNova.company WHERE name = 'FullStack Labs'), 'Python/React Developer - Remote - Latin America', '2025-03-27', 'https://ar.linkedin.com/jobs/view/python-react-developer-remote-latin-america-at-fullstack-labs-4195305429?refId=xhE5bklGcR4aQhoQpb9VuQ%3D%3D&trackingId=tdAEk1DFs0qQ01F6fZ%2FPmw%3D%3D&position=23&pageNum=2', 'Mar del Plata, Buenos Aires Province, Argentina');
INSERT IGNORE INTO newNova.position (company_id, name, post_date, url,location) VALUES ((SELECT id FROM newNova.company WHERE name = 'FullStack Labs'), 'Python/React Developer - Remote - Latin America', '2025-03-27', 'https://ar.linkedin.com/jobs/view/python-react-developer-remote-latin-america-at-fullstack-labs-4195304656?refId=xhE5bklGcR4aQhoQpb9VuQ%3D%3D&trackingId=QXs7bd1ox31A%2FuTN1yB%2B5g%3D%3D&position=24&pageNum=2', 'Cordoba, Córdoba, Argentina');
INSERT IGNORE INTO newNova.position (company_id, name, post_date, url,location) VALUES ((SELECT id FROM newNova.company WHERE name = 'FullStack Labs'), 'Python/React Developer - Remote - Latin America', '2025-03-27', 'https://ar.linkedin.com/jobs/view/python-react-developer-remote-latin-america-at-fullstack-labs-4195306224?refId=xhE5bklGcR4aQhoQpb9VuQ%3D%3D&trackingId=JjROPsPMQG26XFknHJ%2FQrw%3D%3D&position=25&pageNum=2', 'Salta, Salta, Argentina');
INSERT IGNORE INTO newNova.position (company_id, name, post_date, url,location) VALUES ((SELECT id FROM newNova.company WHERE name = 'Remitee'), 'Fullstack Developer ( Node Js /React)', '2025-03-27', 'https://ar.linkedin.com/jobs/view/fullstack-developer-node-js-react-at-remitee-4195190617?position=1&pageNum=0&refId=B1pptM9VlGM4s9TY4nRk2w%3D%3D&trackingId=WDRUl6RvOyxtbRiwzUGv0Q%3D%3D', 'Buenos Aires, Buenos Aires Province, Argentina');
INSERT IGNORE INTO newNova.position (company_id, name, post_date, url,location) VALUES ((SELECT id FROM newNova.company WHERE name = 'Universidad Nacional Arturo Jauretche'), 'Desarrollador Frontend - Senior', '2025-03-27', 'https://ar.linkedin.com/jobs/view/desarrollador-frontend-senior-at-universidad-nacional-arturo-jauretche-4195300606?position=2&pageNum=0&refId=B1pptM9VlGM4s9TY4nRk2w%3D%3D&trackingId=cjTSP0GjA%2Fod834%2BhNV8JQ%3D%3D', 'Greater Buenos Aires');
INSERT IGNORE INTO newNova.position (company_id, name, post_date, url,location) VALUES ((SELECT id FROM newNova.company WHERE name = 'Keep'), 'Full-Stack Engineer', '2025-03-27', 'https://ar.linkedin.com/jobs/view/full-stack-engineer-at-keep-4195362084?position=3&pageNum=0&refId=B1pptM9VlGM4s9TY4nRk2w%3D%3D&trackingId=AvTcrCR5pIqLDS9Js5uYGg%3D%3D', 'Argentina');
INSERT IGNORE INTO newNova.position (company_id, name, post_date, url,location) VALUES ((SELECT id FROM newNova.company WHERE name = 'ShareCRF - EDC Software'), 'Desarrollador Javascript Full-stack 100% remoto (Hasta 50.000€/año)', '2025-03-28', 'https://ar.linkedin.com/jobs/view/desarrollador-javascript-full-stack-100%25-remoto-hasta-50-000%E2%82%AC-a%C3%B1o-at-sharecrf-edc-software-4182806392?position=4&pageNum=0&refId=B1pptM9VlGM4s9TY4nRk2w%3D%3D&trackingId=veGEv0NaMrMZGqPl07ootg%3D%3D', 'Argentina');
INSERT IGNORE INTO newNova.position (company_id, name, post_date, url,location) VALUES ((SELECT id FROM newNova.company WHERE name = 'Workana'), 'Software Engineer - Co-Founder Level (On-Site)', '2025-03-27', 'https://ar.linkedin.com/jobs/view/software-engineer-co-founder-level-on-site-at-workana-4195330855?position=5&pageNum=0&refId=B1pptM9VlGM4s9TY4nRk2w%3D%3D&trackingId=Im%2FuBxPDM%2F9atQxG6eWWJw%3D%3D', 'Greater Buenos Aires');
INSERT IGNORE INTO newNova.position (company_id, name, post_date, url,location) VALUES ((SELECT id FROM newNova.company WHERE name = 'Quadion Technologies'), 'Full Stack Developer', '2025-03-27', 'https://ar.linkedin.com/jobs/view/full-stack-developer-at-quadion-technologies-4177729330?position=6&pageNum=0&refId=B1pptM9VlGM4s9TY4nRk2w%3D%3D&trackingId=Tu8ua7sZSRBlSbNs18ck%2FQ%3D%3D', 'Argentina');
INSERT IGNORE INTO newNova.position (company_id, name, post_date, url,location) VALUES ((SELECT id FROM newNova.company WHERE name = 'Corbin & Brooks'), 'Full Stack Developer', '2025-03-28', 'https://ar.linkedin.com/jobs/view/full-stack-developer-at-corbin-brooks-4195885646?position=7&pageNum=0&refId=B1pptM9VlGM4s9TY4nRk2w%3D%3D&trackingId=gaug8y7Wel6cQ%2F0guijzbQ%3D%3D', 'Argentina');
INSERT IGNORE INTO newNova.position (company_id, name, post_date, url,location) VALUES ((SELECT id FROM newNova.company WHERE name = 'Kapsch Group'), 'Developer Fullstack', '2025-03-28', 'https://ar.linkedin.com/jobs/view/developer-fullstack-at-kapsch-group-4193064703?position=8&pageNum=0&refId=B1pptM9VlGM4s9TY4nRk2w%3D%3D&trackingId=D1mHbE80UkJzG9%2B1%2BV%2BaMw%3D%3D', 'Greater Buenos Aires');
INSERT IGNORE INTO newNova.position (company_id, name, post_date, url,location) VALUES ((SELECT id FROM newNova.company WHERE name = 'International Digital Partners'), 'Full Stack Engineer', '2025-03-28', 'https://ar.linkedin.com/jobs/view/full-stack-engineer-at-international-digital-partners-4192123901?position=9&pageNum=0&refId=B1pptM9VlGM4s9TY4nRk2w%3D%3D&trackingId=VoyZiA7nwGEbnrVpogGAKQ%3D%3D', 'Argentina');
INSERT IGNORE INTO newNova.position (company_id, name, post_date, url,location) VALUES ((SELECT id FROM newNova.company WHERE name = 'Project Growth'), 'Full-Stack Engineer', '2025-03-28', 'https://ar.linkedin.com/jobs/view/full-stack-engineer-at-project-growth-4191851974?position=10&pageNum=0&refId=B1pptM9VlGM4s9TY4nRk2w%3D%3D&trackingId=ZaJ2fDTpKjgk%2FR%2FvjTfoNg%3D%3D', 'Greater Buenos Aires');
INSERT IGNORE INTO newNova.position (company_id, name, post_date, url,location) VALUES ((SELECT id FROM newNova.company WHERE name = 'Virtustant'), 'Full Stack Developer', '2025-03-28', 'https://ar.linkedin.com/jobs/view/full-stack-developer-at-virtustant-4193905274?position=1&pageNum=1&refId=RHBw7AJilsgvwsgXNH5GxA%3D%3D&trackingId=jdGdIsm1VEjLZ8AH7NzGWQ%3D%3D', 'Argentina');
INSERT IGNORE INTO newNova.position (company_id, name, post_date, url,location) VALUES ((SELECT id FROM newNova.company WHERE name = 'Confidencial'), 'Desarrollador Node JS SR - REMOTO - Industria Oil & Gas', '2025-03-28', 'https://ar.linkedin.com/jobs/view/desarrollador-node-js-sr-remoto-industria-oil-gas-at-confidencial-4193449165?position=2&pageNum=1&refId=RHBw7AJilsgvwsgXNH5GxA%3D%3D&trackingId=9KiwrBqqZgFsl%2FUaOa5FtQ%3D%3D', 'Argentina');
INSERT IGNORE INTO newNova.position (company_id, name, post_date, url,location) VALUES ((SELECT id FROM newNova.company WHERE name = 'MediaLab'), 'Senior Full Stack Engineer', '2025-03-28', 'https://ar.linkedin.com/jobs/view/senior-full-stack-engineer-at-medialab-4195907238?position=3&pageNum=1&refId=RHBw7AJilsgvwsgXNH5GxA%3D%3D&trackingId=txPBT933t0ChKdIrWIvozg%3D%3D', 'Argentina');
INSERT IGNORE INTO newNova.position (company_id, name, post_date, url,location) VALUES ((SELECT id FROM newNova.company WHERE name = 'Genius'), 'Senior Full Stack Engineer', '2025-03-28', 'https://ar.linkedin.com/jobs/view/senior-full-stack-engineer-at-genius-4195889294?position=4&pageNum=1&refId=RHBw7AJilsgvwsgXNH5GxA%3D%3D&trackingId=ihoyhygvZdUpdzoPR3ma3g%3D%3D', 'Argentina');
INSERT IGNORE INTO newNova.position (company_id, name, post_date, url,location) VALUES ((SELECT id FROM newNova.company WHERE name = 'Front'), 'Lead Full Stack Engineer - Activation', '2025-03-28', 'https://ar.linkedin.com/jobs/view/lead-full-stack-engineer-activation-at-front-4151483491?position=5&pageNum=1&refId=RHBw7AJilsgvwsgXNH5GxA%3D%3D&trackingId=SqwgnEJr8XODA4zuvZmRWg%3D%3D', 'Argentina');
INSERT IGNORE INTO newNova.position (company_id, name, post_date, url,location) VALUES ((SELECT id FROM newNova.company WHERE name = 'Techunting'), 'Sr Software Engineer Full Stack (React /.NET core)', '2025-03-28', 'https://ar.linkedin.com/jobs/view/sr-software-engineer-full-stack-react-net-core-at-techunting-4193490376?position=6&pageNum=1&refId=RHBw7AJilsgvwsgXNH5GxA%3D%3D&trackingId=tqEXVddVZnPw%2BBUc2VCjrw%3D%3D', 'Cordoba, Córdoba, Argentina');
INSERT IGNORE INTO newNova.position (company_id, name, post_date, url,location) VALUES ((SELECT id FROM newNova.company WHERE name = 'Baufest'), 'Desarrollador Java/React Ssr', '2025-03-28', 'https://ar.linkedin.com/jobs/view/desarrollador-java-react-ssr-at-baufest-4195939149?position=7&pageNum=1&refId=RHBw7AJilsgvwsgXNH5GxA%3D%3D&trackingId=rbWOlESzscePZ9geTHEVog%3D%3D', 'Argentina');
INSERT IGNORE INTO newNova.position (company_id, name, post_date, url,location) VALUES ((SELECT id FROM newNova.company WHERE name = 'Altromondo S.A'), 'Desarrollador Full Stack Ssr/Sr .NET, React & Angular', '2025-03-28', 'https://ar.linkedin.com/jobs/view/desarrollador-full-stack-ssr-sr-net-react-angular-at-altromondo-s-a-4193470234?position=8&pageNum=1&refId=RHBw7AJilsgvwsgXNH5GxA%3D%3D&trackingId=xtg73dR3VWGj8HdJGUYxBw%3D%3D', 'Saavedra, Buenos Aires Province, Argentina');
INSERT IGNORE INTO newNova.position (company_id, name, post_date, url,location) VALUES ((SELECT id FROM newNova.company WHERE name = 'Silver.dev'), 'Sandbar - Software Engineer (Python)', '2025-03-28', 'https://ar.linkedin.com/jobs/view/sandbar-software-engineer-python-at-silver-dev-4181815296?position=9&pageNum=1&refId=RHBw7AJilsgvwsgXNH5GxA%3D%3D&trackingId=ecgfmdDAtZo7YTAy6jMh6w%3D%3D', 'Argentina');
INSERT IGNORE INTO newNova.position (company_id, name, post_date, url,location) VALUES ((SELECT id FROM newNova.company WHERE name = 'redbee'), 'Lider técnico / Senior dev  Java + react', '2025-03-27', 'https://ar.linkedin.com/jobs/view/lider-t%C3%A9cnico-senior-dev-java-%2B-react-at-redbee-4195190455?position=10&pageNum=1&refId=RHBw7AJilsgvwsgXNH5GxA%3D%3D&trackingId=U9hCP%2FiYuHgi5x8pDrQoew%3D%3D', 'Greater Buenos Aires');
INSERT IGNORE INTO newNova.position (company_id, name, post_date, url,location) VALUES ((SELECT id FROM newNova.company WHERE name = 'Xometry'), 'Lead Software Engineer', '2025-03-28', 'https://ar.linkedin.com/jobs/view/lead-software-engineer-at-xometry-4003629646?position=1&pageNum=2&refId=kPQPKquJYwLpaDdqB34ueA%3D%3D&trackingId=XRyMOfLYMI2bd08g23MaGg%3D%3D', 'Greater Buenos Aires');
INSERT IGNORE INTO newNova.position (company_id, name, post_date, url,location) VALUES ((SELECT id FROM newNova.company WHERE name = 'DEPT®'), 'Senior Fullstack Engineer (React/Node)', '2025-03-28', 'https://ar.linkedin.com/jobs/view/senior-fullstack-engineer-react-node-at-dept%C2%AE-4150517453?position=2&pageNum=2&refId=kPQPKquJYwLpaDdqB34ueA%3D%3D&trackingId=s%2BHjQOyGA46fn1N1hWnYvQ%3D%3D', 'Buenos Aires, Buenos Aires Province, Argentina');
INSERT IGNORE INTO newNova.position (company_id, name, post_date, url,location) VALUES ((SELECT id FROM newNova.company WHERE name = 'FullStack Labs'), 'Python/React Developer - Remote - Latin America', '2025-03-27', 'https://ar.linkedin.com/jobs/view/python-react-developer-remote-latin-america-at-fullstack-labs-4195307035?position=3&pageNum=2&refId=kPQPKquJYwLpaDdqB34ueA%3D%3D&trackingId=cZsUUi6%2BpwFZ%2B4GgOE4VKw%3D%3D', 'Buenos Aires, Buenos Aires Province, Argentina');
INSERT IGNORE INTO newNova.position (company_id, name, post_date, url,location) VALUES ((SELECT id FROM newNova.company WHERE name = 'IntelliSavvy'), '.NET Developer', '2025-03-28', 'https://ar.linkedin.com/jobs/view/net-developer-at-intellisavvy-4192118864?position=4&pageNum=2&refId=kPQPKquJYwLpaDdqB34ueA%3D%3D&trackingId=zLkr8%2FeW8%2FYF6flPsR2x7Q%3D%3D', 'Argentina');
INSERT IGNORE INTO newNova.position (company_id, name, post_date, url,location) VALUES ((SELECT id FROM newNova.company WHERE name = 'FullStack Labs'), 'Python/React Developer - Remote - Latin America', '2025-03-27', 'https://ar.linkedin.com/jobs/view/python-react-developer-remote-latin-america-at-fullstack-labs-4195302983?position=5&pageNum=2&refId=kPQPKquJYwLpaDdqB34ueA%3D%3D&trackingId=U7QD2gzgaDD320oWO4rPfQ%3D%3D', 'La Plata, Buenos Aires Province, Argentina');
INSERT IGNORE INTO newNova.position (company_id, name, post_date, url,location) VALUES ((SELECT id FROM newNova.company WHERE name = 'Svitla Systems, Inc.'), 'SENIOR DATA ENGINEER', '2025-03-27', 'https://ar.linkedin.com/jobs/view/senior-data-engineer-at-svitla-systems-inc-4193014584?position=6&pageNum=2&refId=kPQPKquJYwLpaDdqB34ueA%3D%3D&trackingId=LFPQZ3LuviQhEwzxrIpiUw%3D%3D', 'Argentina');
INSERT IGNORE INTO newNova.position (company_id, name, post_date, url,location) VALUES ((SELECT id FROM newNova.company WHERE name = 'FullStack Labs'), 'Python/React Developer - Remote - Latin America', '2025-03-27', 'https://ar.linkedin.com/jobs/view/python-react-developer-remote-latin-america-at-fullstack-labs-4195304655?position=7&pageNum=2&refId=kPQPKquJYwLpaDdqB34ueA%3D%3D&trackingId=N%2Bp2Kj0MAohVGv3GFqxW4Q%3D%3D', 'Rosario, Santa Fe, Argentina');
INSERT IGNORE INTO newNova.position (company_id, name, post_date, url,location) VALUES ((SELECT id FROM newNova.company WHERE name = 'Launchpad Technologies Inc.'), 'Full Stack Developer (Java + Apache Camel)', '2025-03-28', 'https://ar.linkedin.com/jobs/view/full-stack-developer-java-%2B-apache-camel-at-launchpad-technologies-inc-4176733979?position=8&pageNum=2&refId=kPQPKquJYwLpaDdqB34ueA%3D%3D&trackingId=MTSM9AuiXEIHDuXEEcnwAQ%3D%3D', 'Argentina');
INSERT IGNORE INTO newNova.position (company_id, name, post_date, url,location) VALUES ((SELECT id FROM newNova.company WHERE name = 'Ottomatik.io'), 'Senior Backend Engineer', '2025-03-28', 'https://ar.linkedin.com/jobs/view/senior-backend-engineer-at-ottomatik-io-4191889226?position=9&pageNum=2&refId=kPQPKquJYwLpaDdqB34ueA%3D%3D&trackingId=87V0aYeVQg2SnXSMGSwpSQ%3D%3D', 'Greater Buenos Aires');
INSERT IGNORE INTO newNova.position (company_id, name, post_date, url,location) VALUES ((SELECT id FROM newNova.company WHERE name = 'Braintrust'), 'Mobile App Developer - Remote', '2025-03-28', 'https://ar.linkedin.com/jobs/view/mobile-app-developer-remote-at-braintrust-4177150737?position=10&pageNum=2&refId=kPQPKquJYwLpaDdqB34ueA%3D%3D&trackingId=HZ7t9kcTu9c0IFLIJtND%2BQ%3D%3D', 'Argentina');
INSERT IGNORE INTO newNova.position (company_id, name, post_date, url,location) VALUES ((SELECT id FROM newNova.company WHERE name = 'FullStack Labs'), 'Python/React Developer - Remote - Latin America', '2025-03-27', 'https://ar.linkedin.com/jobs/view/python-react-developer-remote-latin-america-at-fullstack-labs-4195304656?position=1&pageNum=3&refId=u%2F7cRRTUO57Ww6zrpQxPRA%3D%3D&trackingId=kDzBt3n7p%2F73Jyr1Sq5%2FSQ%3D%3D', 'Cordoba, Córdoba, Argentina');
INSERT IGNORE INTO newNova.position (company_id, name, post_date, url,location) VALUES ((SELECT id FROM newNova.company WHERE name = 'FullStack Labs'), 'Python/React Developer - Remote - Latin America', '2025-03-27', 'https://ar.linkedin.com/jobs/view/python-react-developer-remote-latin-america-at-fullstack-labs-4195305429?position=2&pageNum=3&refId=u%2F7cRRTUO57Ww6zrpQxPRA%3D%3D&trackingId=QsJc%2Fnt7ZLxpIesUhhP%2FjQ%3D%3D', 'Mar del Plata, Buenos Aires Province, Argentina');
INSERT IGNORE INTO newNova.position (company_id, name, post_date, url,location) VALUES ((SELECT id FROM newNova.company WHERE name = 'FullStack Labs'), 'Python/React Developer - Remote - Latin America', '2025-03-27', 'https://ar.linkedin.com/jobs/view/python-react-developer-remote-latin-america-at-fullstack-labs-4195306224?position=3&pageNum=3&refId=u%2F7cRRTUO57Ww6zrpQxPRA%3D%3D&trackingId=Kr5pdagO%2F4l1wvWnUYh%2Bxw%3D%3D', 'Salta, Salta, Argentina');
INSERT IGNORE INTO newNova.position (company_id, name, post_date, url,location) VALUES ((SELECT id FROM newNova.company WHERE name = 'CDA Informática'), 'Desarrollador Java SSR', '2025-03-27', 'https://ar.linkedin.com/jobs/view/desarrollador-java-ssr-at-cda-inform%C3%A1tica-4192758111?position=4&pageNum=3&refId=u%2F7cRRTUO57Ww6zrpQxPRA%3D%3D&trackingId=sVVmorG350k0kTFBa4xbBg%3D%3D', 'Greater Buenos Aires');
INSERT IGNORE INTO newNova.position (company_id, name, post_date, url,location) VALUES ((SELECT id FROM newNova.company WHERE name = 'FullStack Labs'), 'Full Stack PHP Developer - Remote - Latin America', '2025-03-27', 'https://ar.linkedin.com/jobs/view/full-stack-php-developer-remote-latin-america-at-fullstack-labs-4195183935?position=5&pageNum=3&refId=u%2F7cRRTUO57Ww6zrpQxPRA%3D%3D&trackingId=HF2%2FRXu180EHBmMzTjWGUA%3D%3D', 'Buenos Aires, Buenos Aires Province, Argentina');
INSERT IGNORE INTO newNova.position (company_id, name, post_date, url,location) VALUES ((SELECT id FROM newNova.company WHERE name = 'Oowlish'), 'Senior Fullstack Engineer – Node.js, Koa, React', '2025-03-27', 'https://ar.linkedin.com/jobs/view/senior-fullstack-engineer-%E2%80%93-node-js-koa-react-at-oowlish-4195355954?position=6&pageNum=3&refId=u%2F7cRRTUO57Ww6zrpQxPRA%3D%3D&trackingId=3avkeagHcb9yz990gVEsbQ%3D%3D', 'Buenos Aires, Buenos Aires Province, Argentina');
INSERT IGNORE INTO newNova.position (company_id, name, post_date, url,location) VALUES ((SELECT id FROM newNova.company WHERE name = 'FullStack Labs'), 'Full Stack PHP Developer - Remote - Latin America', '2025-03-27', 'https://ar.linkedin.com/jobs/view/full-stack-php-developer-remote-latin-america-at-fullstack-labs-4195185788?position=7&pageNum=3&refId=u%2F7cRRTUO57Ww6zrpQxPRA%3D%3D&trackingId=teccuTP4ADAWQmdclViRwQ%3D%3D', 'La Plata, Buenos Aires Province, Argentina');
INSERT IGNORE INTO newNova.position (company_id, name, post_date, url,location) VALUES ((SELECT id FROM newNova.company WHERE name = 'GlobalLogic Latinoamérica'), 'Senior Java Developer IRC261646', '2025-03-27', 'https://ar.linkedin.com/jobs/view/senior-java-developer-irc261646-at-globallogic-latinoam%C3%A9rica-4191836914?position=8&pageNum=3&refId=u%2F7cRRTUO57Ww6zrpQxPRA%3D%3D&trackingId=vdLmqgK%2BRqLjeZLqKTA69w%3D%3D', 'Greater Buenos Aires');
INSERT IGNORE INTO newNova.position (company_id, name, post_date, url,location) VALUES ((SELECT id FROM newNova.company WHERE name = 'FullStack Labs'), 'Full Stack PHP Developer - Remote - Latin America', '2025-03-27', 'https://ar.linkedin.com/jobs/view/full-stack-php-developer-remote-latin-america-at-fullstack-labs-4195187418?position=9&pageNum=3&refId=u%2F7cRRTUO57Ww6zrpQxPRA%3D%3D&trackingId=Asv9BrwWLt64AYjMNeUQZQ%3D%3D', 'Cordoba, Córdoba, Argentina');
INSERT IGNORE INTO newNova.position (company_id, name, post_date, url,location) VALUES ((SELECT id FROM newNova.company WHERE name = 'FullStack Labs'), 'Full Stack PHP Developer - Remote - Latin America', '2025-03-27', 'https://ar.linkedin.com/jobs/view/full-stack-php-developer-remote-latin-america-at-fullstack-labs-4195189014?position=10&pageNum=3&refId=u%2F7cRRTUO57Ww6zrpQxPRA%3D%3D&trackingId=YZEDKsQMtv2bpZFUJY%2BttQ%3D%3D', 'Mar del Plata, Buenos Aires Province, Argentina');
INSERT IGNORE INTO newNova.position (company_id, name, post_date, url,location) VALUES ((SELECT id FROM newNova.company WHERE name = 'Newsela'), 'Contractor: Fullstack Software Engineering Services', '2025-03-27', 'https://ar.linkedin.com/jobs/view/contractor-fullstack-software-engineering-services-at-newsela-4191853124?position=1&pageNum=4&refId=PD0b%2F57unq55GIU811DVqA%3D%3D&trackingId=I6Lep9OFkYb92uWAncZ%2B3A%3D%3D', 'Argentina');
INSERT IGNORE INTO newNova.position (company_id, name, post_date, url,location) VALUES ((SELECT id FROM newNova.company WHERE name = 'FullStack Labs'), 'Full Stack PHP Developer - Remote - Latin America', '2025-03-27', 'https://ar.linkedin.com/jobs/view/full-stack-php-developer-remote-latin-america-at-fullstack-labs-4195188216?position=2&pageNum=4&refId=PD0b%2F57unq55GIU811DVqA%3D%3D&trackingId=0RE%2ByQ0%2Basq9TdP6JRzIhg%3D%3D', 'Rosario, Santa Fe, Argentina');
INSERT IGNORE INTO newNova.position (company_id, name, post_date, url,location) VALUES ((SELECT id FROM newNova.company WHERE name = 'Oowlish'), 'Senior Fullstack Engineer – Node.js, Koa, React', '2025-03-27', 'https://ar.linkedin.com/jobs/view/senior-fullstack-engineer-%E2%80%93-node-js-koa-react-at-oowlish-4195359323?position=3&pageNum=4&refId=PD0b%2F57unq55GIU811DVqA%3D%3D&trackingId=me0ec9pBZY1zvwcpDTWzWw%3D%3D', 'Mendoza, Mendoza, Argentina');
INSERT IGNORE INTO newNova.position (company_id, name, post_date, url,location) VALUES ((SELECT id FROM newNova.company WHERE name = 'FullStack Labs'), 'Full Stack PHP Developer - Remote - Latin America', '2025-03-27', 'https://ar.linkedin.com/jobs/view/full-stack-php-developer-remote-latin-america-at-fullstack-labs-4195183940?position=4&pageNum=4&refId=PD0b%2F57unq55GIU811DVqA%3D%3D&trackingId=2OSbQLIc0duZ2Gwldwv67A%3D%3D', 'Salta, Salta, Argentina');
INSERT IGNORE INTO newNova.position (company_id, name, post_date, url,location) VALUES ((SELECT id FROM newNova.company WHERE name = 'Input Output (IOHK)'), 'Senior Mobile Software Engineer - Lace', '2025-03-28', 'https://ar.linkedin.com/jobs/view/senior-mobile-software-engineer-lace-at-input-output-iohk-4130899807?position=5&pageNum=4&refId=PD0b%2F57unq55GIU811DVqA%3D%3D&trackingId=yCfEQCUNFq5a4Tn2rV0bhA%3D%3D', 'Greater Buenos Aires');
INSERT IGNORE INTO newNova.position (company_id, name, post_date, url,location) VALUES ((SELECT id FROM newNova.company WHERE name = 'Oowlish'), 'Senior Fullstack Engineer – Node.js, Koa, React', '2025-03-27', 'https://ar.linkedin.com/jobs/view/senior-fullstack-engineer-%E2%80%93-node-js-koa-react-at-oowlish-4195359327?position=6&pageNum=4&refId=PD0b%2F57unq55GIU811DVqA%3D%3D&trackingId=6UlFVy9H24PJP7rKZQRu1g%3D%3D', 'Cordoba, Córdoba, Argentina');
INSERT IGNORE INTO newNova.position (company_id, name, post_date, url,location) VALUES ((SELECT id FROM newNova.company WHERE name = 'Universidad Nacional Arturo Jauretche'), 'ARG_JR Software Engineer', '2025-03-28', 'https://ar.linkedin.com/jobs/view/arg-jr-software-engineer-at-universidad-nacional-arturo-jauretche-4195551492?position=1&pageNum=0&refId=URB5%2Bg5NdGVmiGxFyQQD6g%3D%3D&trackingId=sO8VET4MBmH9IgFrhNt8ZA%3D%3D', 'Departamento Garay, Santa Fe, Argentina');
INSERT IGNORE INTO newNova.position (company_id, name, post_date, url,location) VALUES ((SELECT id FROM newNova.company WHERE name = 'Glofy'), 'Java Engineer SSR.', '2025-03-28', 'https://ar.linkedin.com/jobs/view/java-engineer-ssr-at-glofy-4193450459?position=2&pageNum=0&refId=URB5%2Bg5NdGVmiGxFyQQD6g%3D%3D&trackingId=MB0WUeRTF10135lIfGGjIA%3D%3D', 'Argentina');
INSERT IGNORE INTO newNova.position (company_id, name, post_date, url,location) VALUES ((SELECT id FROM newNova.company WHERE name = 'Universidad Nacional Arturo Jauretche'), 'Líder Técnico JAVA', '2025-03-27', 'https://ar.linkedin.com/jobs/view/l%C3%ADder-t%C3%A9cnico-java-at-universidad-nacional-arturo-jauretche-4195305057?position=3&pageNum=0&refId=URB5%2Bg5NdGVmiGxFyQQD6g%3D%3D&trackingId=Ef5lhBDeXfw5T2AH9jTapA%3D%3D', 'Greater Buenos Aires');
INSERT IGNORE INTO newNova.position (company_id, name, post_date, url,location) VALUES ((SELECT id FROM newNova.company WHERE name = 'NeuralSoft'), 'Desarrolladores de Software - ROSARIO', '2025-03-28', 'https://ar.linkedin.com/jobs/view/desarrolladores-de-software-rosario-at-neuralsoft-4182625424?position=4&pageNum=0&refId=URB5%2Bg5NdGVmiGxFyQQD6g%3D%3D&trackingId=1i1VVvz2Sjo%2F2UEM8zJ4pA%3D%3D', 'Rosario, Santa Fe, Argentina');
INSERT IGNORE INTO newNova.position (company_id, name, post_date, url,location) VALUES ((SELECT id FROM newNova.company WHERE name = 'Workana'), 'Software Engineer - Co-Founder Level (On-Site)', '2025-03-27', 'https://ar.linkedin.com/jobs/view/software-engineer-co-founder-level-on-site-at-workana-4195330855?position=5&pageNum=0&refId=URB5%2Bg5NdGVmiGxFyQQD6g%3D%3D&trackingId=SPz5o4JsDmdQ6C8J4fnxVA%3D%3D', 'Greater Buenos Aires');
INSERT IGNORE INTO newNova.position (company_id, name, post_date, url,location) VALUES ((SELECT id FROM newNova.company WHERE name = 'CDA Informática'), 'Desarrollador Java SSR', '2025-03-27', 'https://ar.linkedin.com/jobs/view/desarrollador-java-ssr-at-cda-inform%C3%A1tica-4192758111?position=6&pageNum=0&refId=URB5%2Bg5NdGVmiGxFyQQD6g%3D%3D&trackingId=JM49C2aoujOpT0DlbnJJoQ%3D%3D', 'Greater Buenos Aires');
INSERT IGNORE INTO newNova.position (company_id, name, post_date, url,location) VALUES ((SELECT id FROM newNova.company WHERE name = 'Keep'), 'Full-Stack Engineer', '2025-03-27', 'https://ar.linkedin.com/jobs/view/full-stack-engineer-at-keep-4195362084?position=7&pageNum=0&refId=URB5%2Bg5NdGVmiGxFyQQD6g%3D%3D&trackingId=5692STQrurX43YZLZgT4YA%3D%3D', 'Argentina');
INSERT IGNORE INTO newNova.position (company_id, name, post_date, url,location) VALUES ((SELECT id FROM newNova.company WHERE name = 'Snatch UP'), 'Senior Software Engineer', '2025-03-28', 'https://ar.linkedin.com/jobs/view/senior-software-engineer-at-snatch-up-4192113596?position=8&pageNum=0&refId=URB5%2Bg5NdGVmiGxFyQQD6g%3D%3D&trackingId=KRyl3CWESJ%2BZUUbxtHy2Xw%3D%3D', 'Argentina');
INSERT IGNORE INTO newNova.position (company_id, name, post_date, url,location) VALUES ((SELECT id FROM newNova.company WHERE name = 'Mercado Libre'), 'ingeniero / ingeniera de software senior - IT', '2025-03-27', 'https://ar.linkedin.com/jobs/view/ingeniero-ingeniera-de-software-senior-it-at-mercado-libre-4193004311?position=9&pageNum=0&refId=URB5%2Bg5NdGVmiGxFyQQD6g%3D%3D&trackingId=ZaYJmpj2w0eIlV%2FLRv7L%2Fg%3D%3D', 'Buenos Aires Province, Argentina');
INSERT IGNORE INTO newNova.position (company_id, name, post_date, url,location) VALUES ((SELECT id FROM newNova.company WHERE name = 'Mappa'), 'Senior Full-Stack developer', '2025-03-28', 'https://ar.linkedin.com/jobs/view/senior-full-stack-developer-at-mappa-4191854716?position=10&pageNum=0&refId=URB5%2Bg5NdGVmiGxFyQQD6g%3D%3D&trackingId=xKR%2FbDWiiYkOC1nElUaNKg%3D%3D', 'Argentina');
INSERT IGNORE INTO newNova.position (company_id, name, post_date, url,location) VALUES ((SELECT id FROM newNova.company WHERE name = 'Universidad Nacional Arturo Jauretche'), 'Solution Architect - Senior', '2025-03-27', 'https://ar.linkedin.com/jobs/view/solution-architect-senior-at-universidad-nacional-arturo-jauretche-4195300605?position=1&pageNum=1&refId=3XE6aBpLfGHr4mNEF3%2BCVQ%3D%3D&trackingId=cQfz0dZ4%2FHR%2ByNhk3fpjEg%3D%3D', 'Greater Buenos Aires');
INSERT IGNORE INTO newNova.position (company_id, name, post_date, url,location) VALUES ((SELECT id FROM newNova.company WHERE name = 'Baufest'), 'Java Developer Ssr', '2025-03-27', 'https://ar.linkedin.com/jobs/view/java-developer-ssr-at-baufest-4195321791?position=2&pageNum=1&refId=3XE6aBpLfGHr4mNEF3%2BCVQ%3D%3D&trackingId=yAwBkLEnorSatRaIQ3x%2FCA%3D%3D', 'Buenos Aires Province, Argentina');
INSERT IGNORE INTO newNova.position (company_id, name, post_date, url,location) VALUES ((SELECT id FROM newNova.company WHERE name = 'Talan'), 'Junior Developer - Trade Finance Academy', '2025-03-28', 'https://ar.linkedin.com/jobs/view/junior-developer-trade-finance-academy-at-talan-4177446889?position=3&pageNum=1&refId=3XE6aBpLfGHr4mNEF3%2BCVQ%3D%3D&trackingId=hcFdVIUpT0cqQHrCTSlalw%3D%3D', 'Buenos Aires, Buenos Aires Province, Argentina');
INSERT IGNORE INTO newNova.position (company_id, name, post_date, url,location) VALUES ((SELECT id FROM newNova.company WHERE name = 'FirstChair Services'), 'Senior Software Engineer', '2025-03-27', 'https://ar.linkedin.com/jobs/view/senior-software-engineer-at-firstchair-services-4195317373?position=4&pageNum=1&refId=3XE6aBpLfGHr4mNEF3%2BCVQ%3D%3D&trackingId=ivzdPeXwvCiMAYtlK8ynvw%3D%3D', 'Argentina');
INSERT IGNORE INTO newNova.position (company_id, name, post_date, url,location) VALUES ((SELECT id FROM newNova.company WHERE name = 'Corbin & Brooks'), 'Full Stack Developer', '2025-03-28', 'https://ar.linkedin.com/jobs/view/full-stack-developer-at-corbin-brooks-4195885646?position=5&pageNum=1&refId=3XE6aBpLfGHr4mNEF3%2BCVQ%3D%3D&trackingId=NzYApBStSx8TPSQ2MOMbBQ%3D%3D', 'Argentina');
INSERT IGNORE INTO newNova.position (company_id, name, post_date, url,location) VALUES ((SELECT id FROM newNova.company WHERE name = 'Universidad Nacional Arturo Jauretche'), 'ARG_SSR Software Engineer', '2025-03-28', 'https://ar.linkedin.com/jobs/view/arg-ssr-software-engineer-at-universidad-nacional-arturo-jauretche-4195550582?position=6&pageNum=1&refId=3XE6aBpLfGHr4mNEF3%2BCVQ%3D%3D&trackingId=yxOdRBnNiO7gDwdNtaPV4w%3D%3D', 'Departamento Garay, Santa Fe, Argentina');
INSERT IGNORE INTO newNova.position (company_id, name, post_date, url,location) VALUES ((SELECT id FROM newNova.company WHERE name = 'Quadion Technologies'), 'Full Stack Developer', '2025-03-27', 'https://ar.linkedin.com/jobs/view/full-stack-developer-at-quadion-technologies-4177729330?position=7&pageNum=1&refId=3XE6aBpLfGHr4mNEF3%2BCVQ%3D%3D&trackingId=qUANrA4X%2FRERdjlvdKbVZw%3D%3D', 'Argentina');
INSERT IGNORE INTO newNova.position (company_id, name, post_date, url,location) VALUES ((SELECT id FROM newNova.company WHERE name = 'Workia'), 'Staff Engineer (Java)', '2025-03-28', 'https://ar.linkedin.com/jobs/view/staff-engineer-java-at-workia-4193441116?position=8&pageNum=1&refId=3XE6aBpLfGHr4mNEF3%2BCVQ%3D%3D&trackingId=DuDh8FI1wJcoHfMOMx927A%3D%3D', 'Argentina');
INSERT IGNORE INTO newNova.position (company_id, name, post_date, url,location) VALUES ((SELECT id FROM newNova.company WHERE name = 'EDSA'), 'Desarrollador Java Ssr', '2025-03-27', 'https://ar.linkedin.com/jobs/view/desarrollador-java-ssr-at-edsa-4190820617?position=9&pageNum=1&refId=3XE6aBpLfGHr4mNEF3%2BCVQ%3D%3D&trackingId=vaTGOgTqZG8DXSJZgzPxFg%3D%3D', 'Tandil, Buenos Aires Province, Argentina');
INSERT IGNORE INTO newNova.position (company_id, name, post_date, url,location) VALUES ((SELECT id FROM newNova.company WHERE name = 'Endava'), 'Data Scientist –CL', '2025-03-28', 'https://ar.linkedin.com/jobs/view/data-scientist-%E2%80%93cl-at-endava-4193032491?position=10&pageNum=1&refId=3XE6aBpLfGHr4mNEF3%2BCVQ%3D%3D&trackingId=48XfRe7UISemFbpQ2m6HYA%3D%3D', 'Greater Buenos Aires');
INSERT IGNORE INTO newNova.position (company_id, name, post_date, url,location) VALUES ((SELECT id FROM newNova.company WHERE name = 'International Digital Partners'), 'Full Stack Engineer', '2025-03-28', 'https://ar.linkedin.com/jobs/view/full-stack-engineer-at-international-digital-partners-4192123901?position=1&pageNum=2&refId=mDbyt4C5m%2FvsuspIz3Q%2FBw%3D%3D&trackingId=50vFGI0kqetf7iIwFv2eHw%3D%3D', 'Argentina');
INSERT IGNORE INTO newNova.position (company_id, name, post_date, url,location) VALUES ((SELECT id FROM newNova.company WHERE name = 'Félix'), 'Software Development Engineer in Test (SDET)', '2025-03-28', 'https://ar.linkedin.com/jobs/view/software-development-engineer-in-test-sdet-at-f%C3%A9lix-4195534343?position=2&pageNum=2&refId=mDbyt4C5m%2FvsuspIz3Q%2FBw%3D%3D&trackingId=%2FQBlMMtTSs1mTbTmEymiyA%3D%3D', 'Argentina');
INSERT IGNORE INTO newNova.position (company_id, name, post_date, url,location) VALUES ((SELECT id FROM newNova.company WHERE name = 'DaCodes.'), 'Tester de Sistemas Oracle - Merchandising e Inventory Optimization (Por proyecto', '2025-03-28', 'https://ar.linkedin.com/jobs/view/tester-de-sistemas-oracle-merchandising-e-inventory-optimization-por-proyecto-at-dacodes-4193020871?position=3&pageNum=2&refId=mDbyt4C5m%2FvsuspIz3Q%2FBw%3D%3D&trackingId=tmoZp%2B0vygDq2NybmDHi%2FQ%3D%3D', 'Argentina');
INSERT IGNORE INTO newNova.position (company_id, name, post_date, url,location) VALUES ((SELECT id FROM newNova.company WHERE name = 'La Anónima'), 'Analista de Fidelidad', '2025-03-28', 'https://ar.linkedin.com/jobs/view/analista-de-fidelidad-at-la-an%C3%B3nima-4191860257?position=4&pageNum=2&refId=mDbyt4C5m%2FvsuspIz3Q%2FBw%3D%3D&trackingId=OM2zLvWQCi5CDZBajex9Dg%3D%3D', 'Ituzaingó, Buenos Aires Province, Argentina');
INSERT IGNORE INTO newNova.position (company_id, name, post_date, url,location) VALUES ((SELECT id FROM newNova.company WHERE name = 'UST España & Latam'), 'Senior Software Developer', '2025-03-27', 'https://ar.linkedin.com/jobs/view/senior-software-developer-at-ust-espa%C3%B1a-latam-4191852652?position=5&pageNum=2&refId=mDbyt4C5m%2FvsuspIz3Q%2FBw%3D%3D&trackingId=cv8f16O3rVuWD69hXCASxg%3D%3D', 'Argentina');
INSERT IGNORE INTO newNova.position (company_id, name, post_date, url,location) VALUES ((SELECT id FROM newNova.company WHERE name = 'Deel'), 'Platform Engineer - Backend Developer Experience', '2025-03-28', 'https://ar.linkedin.com/jobs/view/platform-engineer-backend-developer-experience-at-deel-4186799773?position=6&pageNum=2&refId=mDbyt4C5m%2FvsuspIz3Q%2FBw%3D%3D&trackingId=pSabw7IrYHq88%2FcRp%2BwYrA%3D%3D', 'Greater Buenos Aires');
INSERT IGNORE INTO newNova.position (company_id, name, post_date, url,location) VALUES ((SELECT id FROM newNova.company WHERE name = 'Kapsch Group'), 'Developer Fullstack', '2025-03-28', 'https://ar.linkedin.com/jobs/view/developer-fullstack-at-kapsch-group-4193064703?position=7&pageNum=2&refId=mDbyt4C5m%2FvsuspIz3Q%2FBw%3D%3D&trackingId=eY4Y%2B0%2BzUU42rpuDlc%2F6ow%3D%3D', 'Greater Buenos Aires');
INSERT IGNORE INTO newNova.position (company_id, name, post_date, url,location) VALUES ((SELECT id FROM newNova.company WHERE name = 'Infosis'), 'Java SSR Back-End Developer', '2025-03-28', 'https://ar.linkedin.com/jobs/view/java-ssr-back-end-developer-at-infosis-4191497380?position=8&pageNum=2&refId=mDbyt4C5m%2FvsuspIz3Q%2FBw%3D%3D&trackingId=imjSkHtUKTeXRusMcbhVjA%3D%3D', 'Argentina');
INSERT IGNORE INTO newNova.position (company_id, name, post_date, url,location) VALUES ((SELECT id FROM newNova.company WHERE name = 'Ergittek'), 'Desarrollador Semi Senior (Fullstack)', '2025-03-27', 'https://ar.linkedin.com/jobs/view/desarrollador-semi-senior-fullstack-at-ergittek-4195185562?position=9&pageNum=2&refId=mDbyt4C5m%2FvsuspIz3Q%2FBw%3D%3D&trackingId=dqndjdEN5olD4w9PHYW4Sg%3D%3D', 'Greater Buenos Aires');
INSERT IGNORE INTO newNova.position (company_id, name, post_date, url,location) VALUES ((SELECT id FROM newNova.company WHERE name = 'ShareCRF - EDC Software'), 'Desarrollador Javascript Full-stack 100% remoto (Hasta 50.000€/año)', '2025-03-28', 'https://ar.linkedin.com/jobs/view/desarrollador-javascript-full-stack-100%25-remoto-hasta-50-000%E2%82%AC-a%C3%B1o-at-sharecrf-edc-software-4182806392?position=10&pageNum=2&refId=mDbyt4C5m%2FvsuspIz3Q%2FBw%3D%3D&trackingId=okTEriYsAlzDE%2FydgpBPWQ%3D%3D', 'Argentina');
INSERT IGNORE INTO newNova.position (company_id, name, post_date, url,location) VALUES ((SELECT id FROM newNova.company WHERE name = 'DEUNA'), 'Backend Tech Lead', '2025-03-27', 'https://ar.linkedin.com/jobs/view/backend-tech-lead-at-deuna-4193020031?position=1&pageNum=3&refId=XK7Fmm69%2FEyOZ5JFZOWSLg%3D%3D&trackingId=A52myWYVoadYJ4qF0zsQrA%3D%3D', 'Argentina');
INSERT IGNORE INTO newNova.position (company_id, name, post_date, url,location) VALUES ((SELECT id FROM newNova.company WHERE name = 'The Adecco Group'), 'Ingeniero de producto', '2025-03-27', 'https://ar.linkedin.com/jobs/view/ingeniero-de-producto-at-the-adecco-group-4193006600?position=2&pageNum=3&refId=XK7Fmm69%2FEyOZ5JFZOWSLg%3D%3D&trackingId=RESgLGuqDBu0as%2FIkaARDQ%3D%3D', 'Greater Buenos Aires');
INSERT IGNORE INTO newNova.position (company_id, name, post_date, url,location) VALUES ((SELECT id FROM newNova.company WHERE name = 'Fiserv'), 'Software Development Engineering- Sr Professional I', '2025-03-28', 'https://ar.linkedin.com/jobs/view/software-development-engineering-sr-professional-i-at-fiserv-4192143809?position=3&pageNum=3&refId=XK7Fmm69%2FEyOZ5JFZOWSLg%3D%3D&trackingId=X7hIP%2FNGLlwRssipGH0XKQ%3D%3D', 'Buenos Aires, Buenos Aires Province, Argentina');
INSERT IGNORE INTO newNova.position (company_id, name, post_date, url,location) VALUES ((SELECT id FROM newNova.company WHERE name = 'G&L Group'), 'Arquitecto de software', '2025-03-28', 'https://ar.linkedin.com/jobs/view/arquitecto-de-software-at-g-l-group-4193446956?position=4&pageNum=3&refId=XK7Fmm69%2FEyOZ5JFZOWSLg%3D%3D&trackingId=JDVAgvvoQxjC9cXz6EiOow%3D%3D', 'Buenos Aires Province, Argentina');
INSERT IGNORE INTO newNova.position (company_id, name, post_date, url,location) VALUES ((SELECT id FROM newNova.company WHERE name = 'Universidad Nacional Arturo Jauretche'), 'Desarrollador Frontend - Senior', '2025-03-27', 'https://ar.linkedin.com/jobs/view/desarrollador-frontend-senior-at-universidad-nacional-arturo-jauretche-4195300606?position=5&pageNum=3&refId=XK7Fmm69%2FEyOZ5JFZOWSLg%3D%3D&trackingId=y4GE2UeO9CsYGHdEjoyYfg%3D%3D', 'Greater Buenos Aires');
INSERT IGNORE INTO newNova.position (company_id, name, post_date, url,location) VALUES ((SELECT id FROM newNova.company WHERE name = 'Gomry'), 'Founding Software Engineer | 0-3 YoE | In-person: Buenos Aires, Argentina | USD 36-48k + equity', '2025-03-27', 'https://ar.linkedin.com/jobs/view/founding-software-engineer-0-3-yoe-in-person-buenos-aires-argentina-usd-36-48k-%2B-equity-at-gomry-4192786158?position=6&pageNum=3&refId=XK7Fmm69%2FEyOZ5JFZOWSLg%3D%3D&trackingId=LapM%2FFRcNW8iScizUZLxpQ%3D%3D', 'Greater Buenos Aires');
INSERT IGNORE INTO newNova.position (company_id, name, post_date, url,location) VALUES ((SELECT id FROM newNova.company WHERE name = 'Sofka Technologies'), 'Manual Tester – Data Lake | Remote | LATAM', '2025-03-28', 'https://ar.linkedin.com/jobs/view/manual-tester-%E2%80%93-data-lake-remote-latam-at-sofka-technologies-4191875092?position=7&pageNum=3&refId=XK7Fmm69%2FEyOZ5JFZOWSLg%3D%3D&trackingId=bQj9wtsrXBAUyaB%2F8zFzQA%3D%3D', 'Greater Buenos Aires');
INSERT IGNORE INTO newNova.position (company_id, name, post_date, url,location) VALUES ((SELECT id FROM newNova.company WHERE name = 'Ciblé Consultora RH'), 'Analista de proveedores', '2025-03-28', 'https://ar.linkedin.com/jobs/view/analista-de-proveedores-at-cibl%C3%A9-consultora-rh-4193465129?position=8&pageNum=3&refId=XK7Fmm69%2FEyOZ5JFZOWSLg%3D%3D&trackingId=6c47O6uhJJbnqClX9OZmJA%3D%3D', 'Greater Buenos Aires');
INSERT IGNORE INTO newNova.position (company_id, name, post_date, url,location) VALUES ((SELECT id FROM newNova.company WHERE name = 'Universidad Nacional Arturo Jauretche'), 'Programador Fiori (Frontend y Backend)', '2025-03-27', 'https://ar.linkedin.com/jobs/view/programador-fiori-frontend-y-backend-at-universidad-nacional-arturo-jauretche-4195303432?position=9&pageNum=3&refId=XK7Fmm69%2FEyOZ5JFZOWSLg%3D%3D&trackingId=6ImFry9O%2FhdHvc2TScUtFQ%3D%3D', 'Greater Buenos Aires');
INSERT IGNORE INTO newNova.position (company_id, name, post_date, url,location) VALUES ((SELECT id FROM newNova.company WHERE name = 'GlobalLogic Latinoamérica'), 'Senior Java Developer IRC261646', '2025-03-27', 'https://ar.linkedin.com/jobs/view/senior-java-developer-irc261646-at-globallogic-latinoam%C3%A9rica-4191836914?position=10&pageNum=3&refId=XK7Fmm69%2FEyOZ5JFZOWSLg%3D%3D&trackingId=8pUZjP4yL3JVTCGCbmalxw%3D%3D', 'Greater Buenos Aires');
INSERT IGNORE INTO newNova.position (company_id, name, post_date, url,location) VALUES ((SELECT id FROM newNova.company WHERE name = 'Project Growth'), 'Full-Stack Engineer', '2025-03-28', 'https://ar.linkedin.com/jobs/view/full-stack-engineer-at-project-growth-4191851974?position=1&pageNum=4&refId=OYZHoRkx%2FFC%2BRmM94bRdSw%3D%3D&trackingId=eP9syTyWGE7rdbF8u0yLqQ%3D%3D', 'Greater Buenos Aires');
INSERT IGNORE INTO newNova.position (company_id, name, post_date, url,location) VALUES ((SELECT id FROM newNova.company WHERE name = 'Fusemachines'), 'QA Engineer', '2025-03-28', 'https://ar.linkedin.com/jobs/view/qa-engineer-at-fusemachines-4192116838?position=2&pageNum=4&refId=OYZHoRkx%2FFC%2BRmM94bRdSw%3D%3D&trackingId=14dRpXRO1%2B55fZTrQHam0Q%3D%3D', 'Buenos Aires, Buenos Aires Province, Argentina');
INSERT IGNORE INTO newNova.position (company_id, name, post_date, url,location) VALUES ((SELECT id FROM newNova.company WHERE name = 'Launchpad Technologies Inc.'), 'Full Stack Developer (Java + Apache Camel)', '2025-03-28', 'https://ar.linkedin.com/jobs/view/full-stack-developer-java-%2B-apache-camel-at-launchpad-technologies-inc-4176733979?position=3&pageNum=4&refId=OYZHoRkx%2FFC%2BRmM94bRdSw%3D%3D&trackingId=V5aBj3jGXQ3n7qSeZLn%2Fxg%3D%3D', 'Argentina');
INSERT IGNORE INTO newNova.position (company_id, name, post_date, url,location) VALUES ((SELECT id FROM newNova.company WHERE name = 'Universidad Nacional Arturo Jauretche'), 'Pasante de Investigación y Desarrollo', '2025-03-27', 'https://ar.linkedin.com/jobs/view/pasante-de-investigaci%C3%B3n-y-desarrollo-at-universidad-nacional-arturo-jauretche-4195300615?position=4&pageNum=4&refId=OYZHoRkx%2FFC%2BRmM94bRdSw%3D%3D&trackingId=127DeCx0TFxPt0Go%2Fyq43Q%3D%3D', 'Martínez, Buenos Aires Province, Argentina');
INSERT IGNORE INTO newNova.position (company_id, name, post_date, url,location) VALUES ((SELECT id FROM newNova.company WHERE name = 'CDT Soluciones Tecnológicas'), 'Tester', '2025-03-28', 'https://ar.linkedin.com/jobs/view/tester-at-cdt-soluciones-tecnol%C3%B3gicas-4193498624?position=5&pageNum=4&refId=OYZHoRkx%2FFC%2BRmM94bRdSw%3D%3D&trackingId=LiCmseE2F8kX2zokcCTYJA%3D%3D', 'Greater Buenos Aires');
INSERT IGNORE INTO newNova.position (company_id, name, post_date, url,location) VALUES ((SELECT id FROM newNova.company WHERE name = 'WoowUp'), 'Senior Principal Software Engineer', '2025-03-28', 'https://ar.linkedin.com/jobs/view/senior-principal-software-engineer-at-woowup-4192729182?position=6&pageNum=4&refId=OYZHoRkx%2FFC%2BRmM94bRdSw%3D%3D&trackingId=V7bmQlsTxzy71AP24Q90Uw%3D%3D', 'Argentina');
INSERT IGNORE INTO newNova.position (company_id, name, post_date, url,location) VALUES ((SELECT id FROM newNova.company WHERE name = 'DEUNA'), 'Backend Tech Lead', '2025-03-27', 'https://ar.linkedin.com/jobs/view/backend-tech-lead-at-deuna-4193014622?position=7&pageNum=4&refId=OYZHoRkx%2FFC%2BRmM94bRdSw%3D%3D&trackingId=PlxarJb%2BHh5NnwjUkZBc6A%3D%3D', 'Buenos Aires, Buenos Aires Province, Argentina');
INSERT IGNORE INTO newNova.position (company_id, name, post_date, url,location) VALUES ((SELECT id FROM newNova.company WHERE name = 'Street Diligence, Inc.'), 'Quality Assurance Engineer', '2025-03-27', 'https://ar.linkedin.com/jobs/view/quality-assurance-engineer-at-street-diligence-inc-4193020080?position=8&pageNum=4&refId=OYZHoRkx%2FFC%2BRmM94bRdSw%3D%3D&trackingId=2bwL4esRGSL8g%2B42Lxt2dQ%3D%3D', 'Greater Buenos Aires');
INSERT IGNORE INTO newNova.position (company_id, name, post_date, url,location) VALUES ((SELECT id FROM newNova.company WHERE name = 'Remitee'), 'Fullstack Developer ( Node Js /React)', '2025-03-27', 'https://ar.linkedin.com/jobs/view/fullstack-developer-node-js-react-at-remitee-4195190617?position=9&pageNum=4&refId=OYZHoRkx%2FFC%2BRmM94bRdSw%3D%3D&trackingId=HqCH3r73fm5IuZodo%2B5%2Bqw%3D%3D', 'Buenos Aires, Buenos Aires Province, Argentina');
INSERT IGNORE INTO newNova.position (company_id, name, post_date, url,location) VALUES ((SELECT id FROM newNova.company WHERE name = 'Confidencial'), 'Desarrollador Node JS SR - REMOTO - Industria Oil & Gas', '2025-03-28', 'https://ar.linkedin.com/jobs/view/desarrollador-node-js-sr-remoto-industria-oil-gas-at-confidencial-4193449165?position=10&pageNum=4&refId=OYZHoRkx%2FFC%2BRmM94bRdSw%3D%3D&trackingId=hUWTO9HXqsU%2FZDJlJWIwZA%3D%3D', 'Argentina');
INSERT IGNORE INTO newNova.position (company_id, name, post_date, url,location) VALUES ((SELECT id FROM newNova.company WHERE name = 'Virtustant'), 'Full Stack Developer', '2025-03-28', 'https://ar.linkedin.com/jobs/view/full-stack-developer-at-virtustant-4193905274?position=1&pageNum=5&refId=Ct4CbS7IB99NOVR1r4FeXQ%3D%3D&trackingId=CvPfceiKZHpuZAdw9GzneQ%3D%3D', 'Argentina');
INSERT IGNORE INTO newNova.position (company_id, name, post_date, url,location) VALUES ((SELECT id FROM newNova.company WHERE name = 'Red Bull'), 'Pasantia Off Premise', '2025-03-28', 'https://ar.linkedin.com/jobs/view/pasantia-off-premise-at-red-bull-4195947192?position=2&pageNum=5&refId=Ct4CbS7IB99NOVR1r4FeXQ%3D%3D&trackingId=4uGDVwIVbYDi3%2BWBusQAgQ%3D%3D', 'Buenos Aires, Buenos Aires Province, Argentina');
INSERT IGNORE INTO newNova.position (company_id, name, post_date, url,location) VALUES ((SELECT id FROM newNova.company WHERE name = 'Silver.dev'), 'Sandbar - Software Engineer (Python)', '2025-03-28', 'https://ar.linkedin.com/jobs/view/sandbar-software-engineer-python-at-silver-dev-4181815296?position=3&pageNum=5&refId=Ct4CbS7IB99NOVR1r4FeXQ%3D%3D&trackingId=lURQSS5Ba8TO%2FIxBzY8rwQ%3D%3D', 'Argentina');
INSERT IGNORE INTO newNova.position (company_id, name, post_date, url,location) VALUES ((SELECT id FROM newNova.company WHERE name = 'Grupo Corven'), 'Gerente Corporativo de Calidad', '2025-03-28', 'https://ar.linkedin.com/jobs/view/gerente-corporativo-de-calidad-at-grupo-corven-4193465263?position=4&pageNum=5&refId=Ct4CbS7IB99NOVR1r4FeXQ%3D%3D&trackingId=plPSKFv3bROFUSHV16PrUg%3D%3D', 'La Reja, Buenos Aires Province, Argentina');
INSERT IGNORE INTO newNova.position (company_id, name, post_date, url,location) VALUES ((SELECT id FROM newNova.company WHERE name = 'Macaleva Consultora'), 'Ingeniero de Proyectos', '2025-03-28', 'https://ar.linkedin.com/jobs/view/ingeniero-de-proyectos-at-macaleva-consultora-4193465302?position=5&pageNum=5&refId=Ct4CbS7IB99NOVR1r4FeXQ%3D%3D&trackingId=R2vAagQ%2Fu2FiX3bTvSg2dQ%3D%3D', 'Plottier, Neuquén Province, Argentina');
INSERT IGNORE INTO newNova.position (company_id, name, post_date, url,location) VALUES ((SELECT id FROM newNova.company WHERE name = 'Telebit Ingeniería'), 'Programador SCADA', '2025-03-28', 'https://ar.linkedin.com/jobs/view/programador-scada-at-telebit-ingenier%C3%ADa-3826454042?position=6&pageNum=5&refId=Ct4CbS7IB99NOVR1r4FeXQ%3D%3D&trackingId=NCzrajTcgx0uajStptCF3w%3D%3D', 'Luján de Cuyo, Mendoza, Argentina');
INSERT IGNORE INTO newNova.position (company_id, name, post_date, url,location) VALUES ((SELECT id FROM newNova.company WHERE name = 'redbee'), 'Lider técnico / Senior dev  Java + react', '2025-03-27', 'https://ar.linkedin.com/jobs/view/lider-t%C3%A9cnico-senior-dev-java-%2B-react-at-redbee-4195190455?position=7&pageNum=5&refId=Ct4CbS7IB99NOVR1r4FeXQ%3D%3D&trackingId=plAcOVd88sEAnWECJuRrNA%3D%3D', 'Greater Buenos Aires');
INSERT IGNORE INTO newNova.position (company_id, name, post_date, url,location) VALUES ((SELECT id FROM newNova.company WHERE name = 'DuckDuckGo'), 'Senior Backend Engineer', '2025-03-27', 'https://ar.linkedin.com/jobs/view/senior-backend-engineer-at-duckduckgo-4191844718?position=8&pageNum=5&refId=Ct4CbS7IB99NOVR1r4FeXQ%3D%3D&trackingId=4YitwC%2FXL7g5Hff6%2BF7wyg%3D%3D', 'Argentina');
INSERT IGNORE INTO newNova.position (company_id, name, post_date, url,location) VALUES ((SELECT id FROM newNova.company WHERE name = 'BBVA en Argentina'), 'Data Scientist Sr', '2025-03-28', 'https://ar.linkedin.com/jobs/view/data-scientist-sr-at-bbva-en-argentina-4195932973?position=9&pageNum=5&refId=Ct4CbS7IB99NOVR1r4FeXQ%3D%3D&trackingId=8oLLsTry%2BG9uQndH7ps9Iw%3D%3D', 'Buenos Aires, Buenos Aires Province, Argentina');
INSERT IGNORE INTO newNova.position (company_id, name, post_date, url,location) VALUES ((SELECT id FROM newNova.company WHERE name = 'Universidad Nacional Arturo Jauretche'), 'Administrador SAP Basis', '2025-03-27', 'https://ar.linkedin.com/jobs/view/administrador-sap-basis-at-universidad-nacional-arturo-jauretche-4195197851?position=10&pageNum=5&refId=Ct4CbS7IB99NOVR1r4FeXQ%3D%3D&trackingId=H0OdJ%2BOerYF6EkMkbkzWtQ%3D%3D', 'Buenos Aires, Buenos Aires Province, Argentina');
CALL `newNova`.`id_refresher`();
